カテゴリ,ランキング,商品名,価格,メーカー,商品ページへのリンク
ゲーム,1.,スーパーマリオメーカー 2 -Switch (【早期購入者特典】Nintendo Switch タッチペン(スーパーマリオメーカー 2エディション) 同梱),￥ 5405,任天堂,https://www.amazon.co.jp/%E3%82%B9%E3%83%BC%E3%83%91%E3%83%BC%E3%83%9E%E3%83%AA%E3%82%AA%E3%83%A1%E3%83%BC%E3%82%AB%E3%83%BC-Switch-%E3%80%90%E6%97%A9%E6%9C%9F%E8%B3%BC%E5%85%A5%E8%80%85%E7%89%B9%E5%85%B8%E3%80%91Nintendo-Switch-2%E3%82%A8%E3%83%87%E3%82%A3%E3%82%B7%E3%83%A7%E3%83%B3/dp/B07R4TPVQ4/ref=zg_bs_videogames_1/356-1026304-5365468?_encoding=UTF8&psc=1&refRID=VYMZ9QFY8DGYYHKE10SS
ゲーム,2.,ファイナルファンタジーXIV: 漆黒のヴィランズ【早期予約特典コード 配信】【Amazon.co.jp限定】オリジナルPC壁紙 配信 |Win対応オンラインコード版,￥ 4200,スクウェア・エニックス,https://www.amazon.co.jp/%E3%83%95%E3%82%A1%E3%82%A4%E3%83%8A%E3%83%AB%E3%83%95%E3%82%A1%E3%83%B3%E3%82%BF%E3%82%B8%E3%83%BCXIV-%E6%BC%86%E9%BB%92%E3%81%AE%E3%83%B4%E3%82%A3%E3%83%A9%E3%83%B3%E3%82%BA%E3%80%90%E6%97%A9%E6%9C%9F%E4%BA%88%E7%B4%84%E7%89%B9%E5%85%B8%E3%82%B3%E3%83%BC%E3%83%89-%E9%85%8D%E4%BF%A1%E3%80%91%E3%80%90Amazon-co-jp%E9%99%90%E5%AE%9A%E3%80%91%E3%82%AA%E3%83%AA%E3%82%B8%E3%83%8A%E3%83%ABPC%E5%A3%81%E7%B4%99-%E9%85%8D%E4%BF%A1-Win%E5%AF%BE%E5%BF%9C%E3%82%AA%E3%83%B3%E3%83%A9%E3%82%A4%E3%83%B3%E3%82%B3%E3%83%BC%E3%83%89%E7%89%88/dp/B07N8ZWQFG/ref=zg_bs_videogames_2/356-1026304-5365468?_encoding=UTF8&psc=1&refRID=VYMZ9QFY8DGYYHKE10SS
ゲーム,3.,大乱闘スマッシュブラザーズ SPECIAL - Switch,￥ 7670,任天堂,https://www.amazon.co.jp/%E4%BB%BB%E5%A4%A9%E5%A0%82-%E5%A4%A7%E4%B9%B1%E9%97%98%E3%82%B9%E3%83%9E%E3%83%83%E3%82%B7%E3%83%A5%E3%83%96%E3%83%A9%E3%82%B6%E3%83%BC%E3%82%BA-SPECIAL-Switch/dp/B07FDW61HX/ref=zg_bs_videogames_3/356-1026304-5365468?_encoding=UTF8&psc=1&refRID=VYMZ9QFY8DGYYHKE10SS
ゲーム,4.,Nintendo Switch Proコントローラー,￥ 6639,任天堂,https://www.amazon.co.jp/%E4%BB%BB%E5%A4%A9%E5%A0%82-Nintendo-Switch-Pro%E3%82%B3%E3%83%B3%E3%83%88%E3%83%AD%E3%83%BC%E3%83%A9%E3%83%BC/dp/B01NCX3W3O/ref=zg_bs_videogames_4/356-1026304-5365468?_encoding=UTF8&psc=1&refRID=VYMZ9QFY8DGYYHKE10SS
ゲーム,5.,Nintendo Switch 本体 (ニンテンドースイッチ) 【Joy-Con (L) ネオンブルー/ (R) ネオンレッド】,￥ 31659,任天堂,https://www.amazon.co.jp/Nintendo-Switch-%E3%83%8B%E3%83%B3%E3%83%86%E3%83%B3%E3%83%89%E3%83%BC%E3%82%B9%E3%82%A4%E3%83%83%E3%83%81-%E3%83%8D%E3%82%AA%E3%83%B3%E3%83%96%E3%83%AB%E3%83%BC-%E3%83%8D%E3%82%AA%E3%83%B3%E3%83%AC%E3%83%83%E3%83%89%E3%80%91/dp/B01NCXFWIZ/ref=zg_bs_videogames_5/356-1026304-5365468?_encoding=UTF8&psc=1&refRID=VYMZ9QFY8DGYYHKE10SS
ゲーム,6.,妖怪ウォッチ4 ぼくらは同じ空を見上げている -Switch (【早期購入特典】ジバニャンズ&猫又 クリスタル妖怪アーク 同梱)【Amazon.co.jp限定予約特典】「妖怪ウォッチ4 アイテムゲットカードA」アカネコ紅蓮丸(ぐれんまる)&【予約特典】妖怪ウォッチ4 ウィスパーアート下敷き 付,￥ 5405,レベルファイブ,https://www.amazon.co.jp/%E3%81%BC%E3%81%8F%E3%82%89%E3%81%AF%E5%90%8C%E3%81%98%E7%A9%BA%E3%82%92%E8%A6%8B%E4%B8%8A%E3%81%92%E3%81%A6%E3%81%84%E3%82%8B-%E3%80%90%E6%97%A9%E6%9C%9F%E8%B3%BC%E5%85%A5%E7%89%B9%E5%85%B8%E3%80%91%E3%82%B8%E3%83%90%E3%83%8B%E3%83%A3%E3%83%B3%E3%82%BA-%E3%80%90Amazon-co-jp%E9%99%90%E5%AE%9A%E4%BA%88%E7%B4%84%E7%89%B9%E5%85%B8%E3%80%91%E3%80%8C%E5%A6%96%E6%80%AA%E3%82%A6%E3%82%A9%E3%83%83%E3%83%814-%E3%82%A2%E3%82%A4%E3%83%86%E3%83%A0%E3%82%B2%E3%83%83%E3%83%88%E3%82%AB%E3%83%BC%E3%83%89A%E3%80%8D%E3%82%A2%E3%82%AB%E3%83%8D%E3%82%B3%E7%B4%85%E8%93%AE%E4%B8%B8-%E3%80%90%E4%BA%88%E7%B4%84%E7%89%B9%E5%85%B8%E3%80%91%E5%A6%96%E6%80%AA%E3%82%A6%E3%82%A9%E3%83%83%E3%83%814/dp/B07PRXHMQF/ref=zg_bs_videogames_6/356-1026304-5365468?_encoding=UTF8&psc=1&refRID=VYMZ9QFY8DGYYHKE10SS
ゲーム,7.,ファイナルファンタジーXIV コンプリートパック|ダウンロード版,￥ 2506,スクウェア・エニックス,https://www.amazon.co.jp/%E3%82%B9%E3%82%AF%E3%82%A6%E3%82%A7%E3%82%A2%E3%83%BB%E3%82%A8%E3%83%8B%E3%83%83%E3%82%AF%E3%82%B9-%E3%83%95%E3%82%A1%E3%82%A4%E3%83%8A%E3%83%AB%E3%83%95%E3%82%A1%E3%83%B3%E3%82%BF%E3%82%B8%E3%83%BCXIV-%E3%82%B3%E3%83%B3%E3%83%97%E3%83%AA%E3%83%BC%E3%83%88%E3%83%91%E3%83%83%E3%82%AF-%E3%83%80%E3%82%A6%E3%83%B3%E3%83%AD%E3%83%BC%E3%83%89%E7%89%88/dp/B01MTASAZS/ref=zg_bs_videogames_7/356-1026304-5365468?_encoding=UTF8&psc=1&refRID=VYMZ9QFY8DGYYHKE10SS
ゲーム,8.,マリオカート8 デラックス - Switch,￥ 5396,任天堂,https://www.amazon.co.jp/%E4%BB%BB%E5%A4%A9%E5%A0%82-%E3%83%9E%E3%83%AA%E3%82%AA%E3%82%AB%E3%83%BC%E3%83%888-%E3%83%87%E3%83%A9%E3%83%83%E3%82%AF%E3%82%B9-Switch/dp/B01N12G06K/ref=zg_bs_videogames_8/356-1026304-5365468?_encoding=UTF8&psc=1&refRID=VYMZ9QFY8DGYYHKE10SS
ゲーム,9.,FPS Freek Vortex | FPSフリーク PlayStation 4 (PS4) | Performance Thumbsticks | KontrolFreek [並行輸入品],￥ 1900,KontrolFreek,https://www.amazon.co.jp/FPS-Freek-Vortex-Playstation-%E4%B8%A6%E8%A1%8C%E8%BC%B8%E5%85%A5%E5%93%81/dp/B01ASAGUL4/ref=zg_bs_videogames_9/356-1026304-5365468?_encoding=UTF8&psc=1&refRID=VYMZ9QFY8DGYYHKE10SS
ゲーム,10.,Minecraft (マインクラフト) - Switch,￥ 3253,マイクロソフト,https://www.amazon.co.jp/%E3%83%9E%E3%82%A4%E3%82%AF%E3%83%AD%E3%82%BD%E3%83%95%E3%83%88-Minecraft-%E3%83%9E%E3%82%A4%E3%83%B3%E3%82%AF%E3%83%A9%E3%83%95%E3%83%88-Switch/dp/B07D131MS4/ref=zg_bs_videogames_10/356-1026304-5365468?_encoding=UTF8&psc=1&refRID=VYMZ9QFY8DGYYHKE10SS
ゲーム,11.,ファイナルファンタジーXIV: 漆黒のヴィランズ コレクターズエディション【早期予約特典コード 配信】【Amazon.co.jp限定】オリジナルPC壁紙 配信 |Win対応オンラインコード版,￥ 6000,スクウェア・エニックス,https://www.amazon.co.jp/%E3%83%95%E3%82%A1%E3%82%A4%E3%83%8A%E3%83%AB%E3%83%95%E3%82%A1%E3%83%B3%E3%82%BF%E3%82%B8%E3%83%BCXIV-%E6%BC%86%E9%BB%92%E3%81%AE%E3%83%B4%E3%82%A3%E3%83%A9%E3%83%B3%E3%82%BA-%E3%82%B3%E3%83%AC%E3%82%AF%E3%82%BF%E3%83%BC%E3%82%BA%E3%82%A8%E3%83%87%E3%82%A3%E3%82%B7%E3%83%A7%E3%83%B3%E3%80%90%E6%97%A9%E6%9C%9F%E4%BA%88%E7%B4%84%E7%89%B9%E5%85%B8%E3%82%B3%E3%83%BC%E3%83%89-%E9%85%8D%E4%BF%A1%E3%80%91%E3%80%90Amazon-co-jp%E9%99%90%E5%AE%9A%E3%80%91%E3%82%AA%E3%83%AA%E3%82%B8%E3%83%8A%E3%83%ABPC%E5%A3%81%E7%B4%99-Win%E5%AF%BE%E5%BF%9C%E3%82%AA%E3%83%B3%E3%83%A9%E3%82%A4%E3%83%B3%E3%82%B3%E3%83%BC%E3%83%89%E7%89%88/dp/B07N912DK3/ref=zg_bs_videogames_11/356-1026304-5365468?_encoding=UTF8&psc=1&refRID=VYMZ9QFY8DGYYHKE10SS
ゲーム,12.,ゼルダの伝説 ブレス オブ ザ ワイルド - Switch,￥ 6313,任天堂,https://www.amazon.co.jp/%E3%82%BC%E3%83%AB%E3%83%80%E3%81%AE%E4%BC%9D%E8%AA%AC-%E3%83%96%E3%83%AC%E3%82%B9-%E3%82%AA%E3%83%96-%E3%83%AF%E3%82%A4%E3%83%AB%E3%83%89-Switch/dp/B01N12HJHQ/ref=zg_bs_videogames_12/356-1026304-5365468?_encoding=UTF8&psc=1&refRID=VYMZ9QFY8DGYYHKE10SS
ゲーム,13.,Splatoon 2 (スプラトゥーン2) - Switch,￥ 5396,任天堂,https://www.amazon.co.jp/%E4%BB%BB%E5%A4%A9%E5%A0%82-Splatoon-2-%E3%82%B9%E3%83%97%E3%83%A9%E3%83%88%E3%82%A5%E3%83%BC%E3%83%B32-Switch/dp/B072J2J26T/ref=zg_bs_videogames_13/356-1026304-5365468?_encoding=UTF8&psc=1&refRID=VYMZ9QFY8DGYYHKE10SS
ゲーム,14.,【PS4】Days Gone ( デイズゴーン ) 【早期購入特典なし】 【CEROレーティング「Z」】,￥ 4450,ソニー・インタラクティブエンタテインメント,https://www.amazon.co.jp/%E3%80%90PS4%E3%80%91Days-Gone-%E3%83%87%E3%82%A4%E3%82%BA%E3%82%B4%E3%83%BC%E3%83%B3-%E3%80%90%E6%97%A9%E6%9C%9F%E8%B3%BC%E5%85%A5%E7%89%B9%E5%85%B8%E3%81%AA%E3%81%97%E3%80%91-%E3%80%90CERO%E3%83%AC%E3%83%BC%E3%83%86%E3%82%A3%E3%83%B3%E3%82%B0%E3%80%8CZ%E3%80%8D%E3%80%91/dp/B07QQRZ84X/ref=zg_bs_videogames_14/356-1026304-5365468?_encoding=UTF8&psc=1&refRID=VYMZ9QFY8DGYYHKE10SS
ゲーム,15.,ゲーミングイヤホン イヤホンマイク マイク付きイヤホン ヘッドセット イヤフォン ヘッドホン ps4 pc 高音質 カナル型 switch 重低音 有線 リモコン スマホ 携帯 ゲーム 3.5mmコネクタ付き ノイズ消却 PlayStation 4 モバイル PUBG 荒野行動 WINTORY MG-1,￥ 2680,WINTORY,https://www.amazon.co.jp/%E3%82%B2%E3%83%BC%E3%83%9F%E3%83%B3%E3%82%B0%E3%82%A4%E3%83%A4%E3%83%9B%E3%83%B3-%E3%83%9E%E3%82%A4%E3%82%AF%E4%BB%98%E3%81%8D%E3%82%A4%E3%83%A4%E3%83%9B%E3%83%B3-3-5mm%E3%82%B3%E3%83%8D%E3%82%AF%E3%82%BF%E4%BB%98%E3%81%8D-PlayStation-WINTORY/dp/B07DDGPCPR/ref=zg_bs_videogames_15/356-1026304-5365468?_encoding=UTF8&psc=1&refRID=VYMZ9QFY8DGYYHKE10SS
ゲーム,16.,New ニンテンドー3DS ACアダプター (New2DSLL/New3DS/New3DSLL/3DS/3DSLL/DSi兼用),￥ 811,任天堂,https://www.amazon.co.jp/%E3%83%8B%E3%83%B3%E3%83%86%E3%83%B3%E3%83%89%E3%83%BC3DS-AC%E3%82%A2%E3%83%80%E3%83%97%E3%82%BF%E3%83%BC-New2DSLL-New3DS-New3DSLL/dp/B001KZGZVW/ref=zg_bs_videogames_16/356-1026304-5365468?_encoding=UTF8&psc=1&refRID=VYMZ9QFY8DGYYHKE10SS
ゲーム,17.,Minecraft (PC/Mac 版),￥ 3240,マイクロソフト,https://www.amazon.co.jp/%E3%83%9E%E3%82%A4%E3%82%AF%E3%83%AD%E3%82%BD%E3%83%95%E3%83%88-Minecraft-PC-Mac-%E7%89%88/dp/B074P9PYYJ/ref=zg_bs_videogames_17/356-1026304-5365468?_encoding=UTF8&psc=1&refRID=VYMZ9QFY8DGYYHKE10SS
ゲーム,18.,PlayStation 4 ジェット・ブラック 500GB (CUH-2200AB01),￥ 29460,ソニー・インタラクティブエンタテインメント,https://www.amazon.co.jp/PlayStation-%E3%82%B8%E3%82%A7%E3%83%83%E3%83%88%E3%83%BB%E3%83%96%E3%83%A9%E3%83%83%E3%82%AF-500GB-CUH-2200AB01-%E3%81%8A%E5%A5%BD%E3%81%8D%E3%81%AA%E3%83%80%E3%82%A6%E3%83%B3%E3%83%AD%E3%83%BC%E3%83%89%E3%82%BD%E3%83%95%E3%83%882%E6%9C%AC%E3%82%BB%E3%83%83%E3%83%88/dp/B07F76K6FJ/ref=zg_bs_videogames_18/356-1026304-5365468?_encoding=UTF8&psc=1&refRID=VYMZ9QFY8DGYYHKE10SS
ゲーム,19.,Joy-Con (L) ネオングリーン/ (R) ネオンピンク,￥ 7728,任天堂 用アクセサリー,https://www.amazon.co.jp/Joy-Con-L-%E3%83%8D%E3%82%AA%E3%83%B3%E3%82%B0%E3%83%AA%E3%83%BC%E3%83%B3-R-%E3%83%8D%E3%82%AA%E3%83%B3%E3%83%94%E3%83%B3%E3%82%AF/dp/B0728BF99G/ref=zg_bs_videogames_19/356-1026304-5365468?_encoding=UTF8&psc=1&refRID=VYMZ9QFY8DGYYHKE10SS
ゲーム,20.,PS4:プロ野球スピリッツ2019 【店舗限定早期購入特典】海外移籍選手先行入手DLC 配信,￥ 7538,コナミデジタルエンタテインメント,https://www.amazon.co.jp/%E3%82%B3%E3%83%8A%E3%83%9F%E3%83%87%E3%82%B8%E3%82%BF%E3%83%AB%E3%82%A8%E3%83%B3%E3%82%BF%E3%83%86%E3%82%A4%E3%83%B3%E3%83%A1%E3%83%B3%E3%83%88-PS4-%E3%83%97%E3%83%AD%E9%87%8E%E7%90%83%E3%82%B9%E3%83%94%E3%83%AA%E3%83%83%E3%83%842019-%E3%80%90%E5%BA%97%E8%88%97%E9%99%90%E5%AE%9A%E6%97%A9%E6%9C%9F%E8%B3%BC%E5%85%A5%E7%89%B9%E5%85%B8%E3%80%91%E6%B5%B7%E5%A4%96%E7%A7%BB%E7%B1%8D%E9%81%B8%E6%89%8B%E5%85%88%E8%A1%8C%E5%85%A5%E6%89%8BDLC-%E9%85%8D%E4%BF%A1/dp/B07MVD4FXS/ref=zg_bs_videogames_20/356-1026304-5365468?_encoding=UTF8&psc=1&refRID=VYMZ9QFY8DGYYHKE10SS
ゲーム,21.,New スーパーマリオブラザーズ U デラックス -Switch,￥ 5405,任天堂,https://www.amazon.co.jp/New-%E3%82%B9%E3%83%BC%E3%83%91%E3%83%BC%E3%83%9E%E3%83%AA%E3%82%AA%E3%83%96%E3%83%A9%E3%82%B6%E3%83%BC%E3%82%BA-U-%E3%83%87%E3%83%A9%E3%83%83%E3%82%AF%E3%82%B9-Switch/dp/B07HBJCJTH/ref=zg_bs_videogames_21/355-7953992-1383606?_encoding=UTF8&psc=1&refRID=ZNCFHCWT47MKZ5986K6A
ゲーム,22.,GAIMX CURBX エイムリング モーションコントロール 130 PS4 switch Proコントローラー xbox one SCUF PCパッドに使用可 国内正規品,￥ 2480,GAIMX,https://www.amazon.co.jp/GAIMX-%E3%82%A8%E3%82%A4%E3%83%A0%E3%83%AA%E3%83%B3%E3%82%B0-%E3%83%A2%E3%83%BC%E3%82%B7%E3%83%A7%E3%83%B3%E3%82%B3%E3%83%B3%E3%83%88%E3%83%AD%E3%83%BC%E3%83%AB-Pro%E3%82%B3%E3%83%B3%E3%83%88%E3%83%AD%E3%83%BC%E3%83%A9%E3%83%BC-PC%E3%83%91%E3%83%83%E3%83%89%E3%81%AB%E4%BD%BF%E7%94%A8%E5%8F%AF/dp/B077GNKGTF/ref=zg_bs_videogames_22/355-7953992-1383606?_encoding=UTF8&psc=1&refRID=ZNCFHCWT47MKZ5986K6A
ゲーム,23.,Nintendo Switch 本体 (ニンテンドースイッチ) 【Joy-Con (L) / (R) グレー】,￥ 31700,任天堂,https://www.amazon.co.jp/Nintendo-Switch-%E3%83%8B%E3%83%B3%E3%83%86%E3%83%B3%E3%83%89%E3%83%BC%E3%82%B9%E3%82%A4%E3%83%83%E3%83%81-%E3%80%90Joy-%E3%82%B0%E3%83%AC%E3%83%BC%E3%80%91/dp/B01N5QLLT3/ref=zg_bs_videogames_23/355-7953992-1383606?_encoding=UTF8&psc=1&refRID=ZNCFHCWT47MKZ5986K6A
ゲーム,24.,実況パワフルプロ野球【初回限定特典】限定amiiboカード(パワプロくん)同梱 - Switch,￥ 5977,コナミデジタルエンタテインメント,https://www.amazon.co.jp/%E3%82%B3%E3%83%8A%E3%83%9F%E3%83%87%E3%82%B8%E3%82%BF%E3%83%AB%E3%82%A8%E3%83%B3%E3%82%BF%E3%83%86%E3%82%A4%E3%83%B3%E3%83%A1%E3%83%B3%E3%83%88-%E5%AE%9F%E6%B3%81%E3%83%91%E3%83%AF%E3%83%95%E3%83%AB%E3%83%97%E3%83%AD%E9%87%8E%E7%90%83%E3%80%90%E5%88%9D%E5%9B%9E%E9%99%90%E5%AE%9A%E7%89%B9%E5%85%B8%E3%80%91%E9%99%90%E5%AE%9Aamiibo%E3%82%AB%E3%83%BC%E3%83%89-%E3%83%91%E3%83%AF%E3%83%97%E3%83%AD%E3%81%8F%E3%82%93-%E5%90%8C%E6%A2%B1-Switch/dp/B07NQ3FY4K/ref=zg_bs_videogames_24/355-7953992-1383606?_encoding=UTF8&psc=1&refRID=ZNCFHCWT47MKZ5986K6A
ゲーム,25.,ドラえもん のび太の牧場物語 -Switch (【早期購入特典】“のび太の部屋セット"を入手できるダウンロード番号 同梱),￥ 5510,バンダイナムコエンターテインメント,https://www.amazon.co.jp/%E3%83%89%E3%83%A9%E3%81%88%E3%82%82%E3%82%93-%E3%81%AE%E3%81%B3%E5%A4%AA%E3%81%AE%E7%89%A7%E5%A0%B4%E7%89%A9%E8%AA%9E-Switch-%E3%80%90%E6%97%A9%E6%9C%9F%E8%B3%BC%E5%85%A5%E7%89%B9%E5%85%B8%E3%80%91%E2%80%9C%E3%81%AE%E3%81%B3%E5%A4%AA%E3%81%AE%E9%83%A8%E5%B1%8B%E3%82%BB%E3%83%83%E3%83%88-%E3%82%92%E5%85%A5%E6%89%8B%E3%81%A7%E3%81%8D%E3%82%8B%E3%83%80%E3%82%A6%E3%83%B3%E3%83%AD%E3%83%BC%E3%83%89%E7%95%AA%E5%8F%B7/dp/B07NXD29P5/ref=zg_bs_videogames_25/355-7953992-1383606?_encoding=UTF8&psc=1&refRID=ZNCFHCWT47MKZ5986K6A
ゲーム,26.,【PS4】ライアン・マークス リベンジミッション(VR専用),￥ 4197,ソニー・インタラクティブエンタテインメント,https://www.amazon.co.jp/%E3%82%BD%E3%83%8B%E3%83%BC%E3%83%BB%E3%82%A4%E3%83%B3%E3%82%BF%E3%83%A9%E3%82%AF%E3%83%86%E3%82%A3%E3%83%96%E3%82%A8%E3%83%B3%E3%82%BF%E3%83%86%E3%82%A4%E3%83%B3%E3%83%A1%E3%83%B3%E3%83%88-%E3%80%90PS4%E3%80%91%E3%83%A9%E3%82%A4%E3%82%A2%E3%83%B3%E3%83%BB%E3%83%9E%E3%83%BC%E3%82%AF%E3%82%B9-%E3%83%AA%E3%83%99%E3%83%B3%E3%82%B8%E3%83%9F%E3%83%83%E3%82%B7%E3%83%A7%E3%83%B3-VR%E5%B0%82%E7%94%A8/dp/B07Q5RLSFN/ref=zg_bs_videogames_26/355-7953992-1383606?_encoding=UTF8&psc=1&refRID=ZNCFHCWT47MKZ5986K6A
ゲーム,27.,スーパー マリオパーティ - Switch,￥ 5396,任天堂,https://www.amazon.co.jp/%E4%BB%BB%E5%A4%A9%E5%A0%82-%E3%82%B9%E3%83%BC%E3%83%91%E3%83%BC-%E3%83%9E%E3%83%AA%E3%82%AA%E3%83%91%E3%83%BC%E3%83%86%E3%82%A3-Switch/dp/B07DPDDP5V/ref=zg_bs_videogames_27/355-7953992-1383606?_encoding=UTF8&psc=1&refRID=ZNCFHCWT47MKZ5986K6A
ゲーム,28.,ファイナルファンタジーXIV: 漆黒のヴィランズ【早期予約特典コード 配信】 - PS4,￥ 3597,スクウェア・エニックス,https://www.amazon.co.jp/%E3%82%B9%E3%82%AF%E3%82%A6%E3%82%A7%E3%82%A2%E3%83%BB%E3%82%A8%E3%83%8B%E3%83%83%E3%82%AF%E3%82%B9-%E3%83%95%E3%82%A1%E3%82%A4%E3%83%8A%E3%83%AB%E3%83%95%E3%82%A1%E3%83%B3%E3%82%BF%E3%82%B8%E3%83%BCXIV-%E6%BC%86%E9%BB%92%E3%81%AE%E3%83%B4%E3%82%A3%E3%83%A9%E3%83%B3%E3%82%BA%E3%80%90%E6%97%A9%E6%9C%9F%E4%BA%88%E7%B4%84%E7%89%B9%E5%85%B8%E3%82%B3%E3%83%BC%E3%83%89-%E9%85%8D%E4%BF%A1%E3%80%91-PS4/dp/B07ND7F71K/ref=zg_bs_videogames_28/355-7953992-1383606?_encoding=UTF8&psc=1&refRID=ZNCFHCWT47MKZ5986K6A
ゲーム,29.,SEKIRO: SHADOWS DIE TWICE - PS4,￥ 6373,フロムソフトウェア,https://www.amazon.co.jp/SEKIRO-SHADOWS-%E3%80%90%E4%BA%88%E7%B4%84%E7%89%B9%E5%85%B8%E3%80%91%E7%89%B9%E5%88%A5%E4%BB%95%E6%A7%98%E3%83%91%E3%83%83%E3%82%B1%E3%83%BC%E3%82%B8%E3%83%BB%E3%83%87%E3%82%B8%E3%82%BF%E3%83%AB%E3%82%A2%E3%83%BC%E3%83%88%E3%83%AF%E3%83%BC%E3%82%AF-%E3%83%9F%E3%83%8B%E3%82%B5%E3%82%A6%E3%83%B3%E3%83%89%E3%83%88%E3%83%A9%E3%83%83%E3%82%AF-%E3%82%AA%E3%83%B3%E3%83%A9%E3%82%A4%E3%83%B3%E3%82%B3%E3%83%BC%E3%83%89/dp/B07H7G3LK2/ref=zg_bs_videogames_29/355-7953992-1383606?_encoding=UTF8&psc=1&refRID=ZNCFHCWT47MKZ5986K6A
ゲーム,30.,RAGE 2 - PS4 【CEROレーティング「Z」】,￥ 6833,ベセスダ・ソフトワークス,https://www.amazon.co.jp/%E3%83%99%E3%82%BB%E3%82%B9%E3%83%80%E3%83%BB%E3%82%BD%E3%83%95%E3%83%88%E3%83%AF%E3%83%BC%E3%82%AF%E3%82%B9-RAGE-2-PS4-%E3%80%90CERO%E3%83%AC%E3%83%BC%E3%83%86%E3%82%A3%E3%83%B3%E3%82%B0%E3%80%8CZ%E3%80%8D%E3%80%91/dp/B07Q8MZHRJ/ref=zg_bs_videogames_30/355-7953992-1383606?_encoding=UTF8&psc=1&refRID=ZNCFHCWT47MKZ5986K6A
ゲーム,31.,キングダム ハーツIII - PS4,￥ 3480,スクウェア・エニックス,https://www.amazon.co.jp/%E3%82%B9%E3%82%AF%E3%82%A6%E3%82%A7%E3%82%A2%E3%83%BB%E3%82%A8%E3%83%8B%E3%83%83%E3%82%AF%E3%82%B9-%E3%82%AD%E3%83%B3%E3%82%B0%E3%83%80%E3%83%A0-%E3%83%8F%E3%83%BC%E3%83%84III-PS4/dp/B07DP4F3PZ/ref=zg_bs_videogames_31/355-7953992-1383606?_encoding=UTF8&psc=1&refRID=ZNCFHCWT47MKZ5986K6A
ゲーム,32.,ペルソナ5 ザ・ロイヤル - PS4,￥ 7679,アトラス,https://www.amazon.co.jp/%E3%82%A2%E3%83%88%E3%83%A9%E3%82%B9-%E3%83%9A%E3%83%AB%E3%82%BD%E3%83%8A5-%E3%82%B6%E3%83%BB%E3%83%AD%E3%82%A4%E3%83%A4%E3%83%AB-PS4/dp/B07R14ZFRN/ref=zg_bs_videogames_32/355-7953992-1383606?_encoding=UTF8&psc=1&refRID=ZNCFHCWT47MKZ5986K6A
ゲーム,33.,ヨッシークラフトワールド -Switch,￥ 5405,任天堂,https://www.amazon.co.jp/%E4%BB%BB%E5%A4%A9%E5%A0%82-%E3%83%A8%E3%83%83%E3%82%B7%E3%83%BC%E3%82%AF%E3%83%A9%E3%83%95%E3%83%88%E3%83%AF%E3%83%BC%E3%83%AB%E3%83%89-Switch/dp/B07MLZ2JKF/ref=zg_bs_videogames_33/355-7953992-1383606?_encoding=UTF8&psc=1&refRID=ZNCFHCWT47MKZ5986K6A
ゲーム,34.,ニーア オートマタ ゲーム オブ ザ ヨルハ エディション - PS4,￥ 4109,スクウェア・エニックス,https://www.amazon.co.jp/%E3%83%8B%E3%83%BC%E3%82%A2-%E3%82%AA%E3%83%BC%E3%83%88%E3%83%9E%E3%82%BF-%E3%82%B2%E3%83%BC%E3%83%A0-%E3%83%A8%E3%83%AB%E3%83%8F-%E3%82%A8%E3%83%87%E3%82%A3%E3%82%B7%E3%83%A7%E3%83%B3/dp/B07L8KKFFJ/ref=zg_bs_videogames_34/355-7953992-1383606?_encoding=UTF8&psc=1&refRID=ZNCFHCWT47MKZ5986K6A
ゲーム,35.,スーパーマリオメーカー 2 はじめてのオンラインセット -Switch (【早期購入者特典】Nintendo Switch タッチペン(スーパーマリオメーカー 2エディション) 同梱),￥ 6313,任天堂,https://www.amazon.co.jp/%E3%82%B9%E3%83%BC%E3%83%91%E3%83%BC%E3%83%9E%E3%83%AA%E3%82%AA%E3%83%A1%E3%83%BC%E3%82%AB%E3%83%BC-%E3%81%AF%E3%81%98%E3%82%81%E3%81%A6%E3%81%AE%E3%82%AA%E3%83%B3%E3%83%A9%E3%82%A4%E3%83%B3%E3%82%BB%E3%83%83%E3%83%88-Switch-%E3%80%90%E6%97%A9%E6%9C%9F%E8%B3%BC%E5%85%A5%E8%80%85%E7%89%B9%E5%85%B8%E3%80%91Nintendo-2%E3%82%A8%E3%83%87%E3%82%A3%E3%82%B7%E3%83%A7%E3%83%B3/dp/B07QXYRSBQ/ref=zg_bs_videogames_35/355-7953992-1383606?_encoding=UTF8&psc=1&refRID=ZNCFHCWT47MKZ5986K6A
ゲーム,36.,ペルソナ5 ザ・ロイヤル 限定版 【限定版同梱物】アートブック 他 同梱 & 【Amazon.co.jp限定】アイテム未定 付 - PS4,￥ 15180,アトラス,https://www.amazon.co.jp/%E3%83%9A%E3%83%AB%E3%82%BD%E3%83%8A5-%E3%82%B6%E3%83%BB%E3%83%AD%E3%82%A4%E3%83%A4%E3%83%AB-%E9%99%90%E5%AE%9A%E7%89%88-%E3%80%90%E9%99%90%E5%AE%9A%E7%89%88%E5%90%8C%E6%A2%B1%E7%89%A9%E3%80%91%E3%82%A2%E3%83%BC%E3%83%88%E3%83%96%E3%83%83%E3%82%AF-%E3%80%90Amazon-co-jp%E9%99%90%E5%AE%9A%E3%80%91%E3%82%A2%E3%82%A4%E3%83%86%E3%83%A0%E6%9C%AA%E5%AE%9A/dp/B07R2BM5RN/ref=zg_bs_videogames_36/355-7953992-1383606?_encoding=UTF8&psc=1&refRID=ZNCFHCWT47MKZ5986K6A
ゲーム,37.,PlayStation Plus 3ヶ月利用権(自動更新あり) [オンラインコード],￥ 1337,ソニー・インタラクティブエンタテインメント,https://www.amazon.co.jp/PlayStation-Plus-3%E3%83%B6%E6%9C%88%E5%88%A9%E7%94%A8%E6%A8%A9-%E8%87%AA%E5%8B%95%E6%9B%B4%E6%96%B0%E3%81%82%E3%82%8A-%E3%82%AA%E3%83%B3%E3%83%A9%E3%82%A4%E3%83%B3%E3%82%B3%E3%83%BC%E3%83%89/dp/B00QGMLEH4/ref=zg_bs_videogames_37/355-7953992-1383606?_encoding=UTF8&psc=1&refRID=ZNCFHCWT47MKZ5986K6A
ゲーム,38.,ファイアーエムブレム 風花雪月 -Switch,￥ 6313,任天堂,https://www.amazon.co.jp/%E4%BB%BB%E5%A4%A9%E5%A0%82-%E3%83%95%E3%82%A1%E3%82%A4%E3%82%A2%E3%83%BC%E3%82%A8%E3%83%A0%E3%83%96%E3%83%AC%E3%83%A0-%E9%A2%A8%E8%8A%B1%E9%9B%AA%E6%9C%88-Switch/dp/B07NQGYZSY/ref=zg_bs_videogames_38/355-7953992-1383606?_encoding=UTF8&psc=1&refRID=ZNCFHCWT47MKZ5986K6A
ゲーム,39.,Nintendo Switch ガラスフィルム 【 ブルーライトカット 】 保護フィルム 任天堂 スイッチ フィルム 強化保護ガラス 【 日本製素材 旭硝子仕様モデル 】 硬度9H ガラス飛散防止 指紋防止 気泡ゼロ 【 メーカー正規品 60日間交換対応 】 (Excitech),￥ 999,Excitech,https://www.amazon.co.jp/Nintendo-%E3%83%96%E3%83%AB%E3%83%BC%E3%83%A9%E3%82%A4%E3%83%88%E3%82%AB%E3%83%83%E3%83%88-%E6%97%AD%E7%A1%9D%E5%AD%90%E4%BB%95%E6%A7%98%E3%83%A2%E3%83%87%E3%83%AB-60%E6%97%A5%E9%96%93%E4%BA%A4%E6%8F%9B%E5%AF%BE%E5%BF%9C-Excitech/dp/B078Y8QM6N/ref=zg_bs_videogames_39/355-7953992-1383606?_encoding=UTF8&psc=1&refRID=ZNCFHCWT47MKZ5986K6A
ゲーム,40.,World War Z(輸入版:北米)- PS4,￥ 4959,Mad Dog Games,https://www.amazon.co.jp/World-War-%E8%BC%B8%E5%85%A5%E7%89%88-%E5%8C%97%E7%B1%B3-PS4/dp/B07NZVN8T7/ref=zg_bs_videogames_40/355-7953992-1383606?_encoding=UTF8&psc=1&refRID=ZNCFHCWT47MKZ5986K6A
ゲーム,41.,「2019最新版」Switch コントローラー BEBONCOOL 「ジャイロセンサー搭載」Nintendo にスイッチ コントローラー HD振動Switch8.0.1対応 Bluetooth 接続ワイヤレス Nintendo Switchに適用 プロコン 任天堂 スイッチ にコントローラーSwitch Pro コントローラー,￥ 3299,BEBONCOOL,https://www.amazon.co.jp/%E3%80%8C%E3%82%B8%E3%83%A3%E3%82%A4%E3%83%AD%E3%82%BB%E3%83%B3%E3%82%B5%E3%83%BC%E6%90%AD%E8%BC%89%E3%80%8D%E3%82%B9%E3%82%A4%E3%83%83%E3%83%81-%E3%82%B3%E3%83%B3%E3%83%88%E3%83%AD%E3%83%BC%E3%83%A9%E3%83%BC-BEBONCOOL-Switch7-0-1%E5%AF%BE%E5%BF%9C-Bluetooth/dp/B07JG8YBM8/ref=zg_bs_videogames_41/357-5044805-4246301?_encoding=UTF8&psc=1&refRID=FA1G9ZMRP0X91NTSNX3Y
ゲーム,42.,【PS4】みんなのGOLF VR(VR専用)【早期購入特典】追加キャディ「スティーブ」,￥ 3341,ソニー・インタラクティブエンタテインメント,https://www.amazon.co.jp/%E3%82%BD%E3%83%8B%E3%83%BC%E3%83%BB%E3%82%A4%E3%83%B3%E3%82%BF%E3%83%A9%E3%82%AF%E3%83%86%E3%82%A3%E3%83%96%E3%82%A8%E3%83%B3%E3%82%BF%E3%83%86%E3%82%A4%E3%83%B3%E3%83%A1%E3%83%B3%E3%83%88-%E3%80%90PS4%E3%80%91%E3%81%BF%E3%82%93%E3%81%AA%E3%81%AEGOLF-VR-VR%E5%B0%82%E7%94%A8-%E3%80%90%E6%97%A9%E6%9C%9F%E8%B3%BC%E5%85%A5%E7%89%B9%E5%85%B8%E3%80%91%E8%BF%BD%E5%8A%A0%E3%82%AD%E3%83%A3%E3%83%87%E3%82%A3%E3%80%8C%E3%82%B9%E3%83%86%E3%82%A3%E3%83%BC%E3%83%96%E3%80%8D/dp/B07QCZ57TX/ref=zg_bs_videogames_42/357-5044805-4246301?_encoding=UTF8&psc=1&refRID=FA1G9ZMRP0X91NTSNX3Y
ゲーム,43.,Nintendo Switch Online 利用券(個人プラン3か月)|オンラインコード版,￥ 793,任天堂,https://www.amazon.co.jp/Nintendo-Switch-Online-%E5%80%8B%E4%BA%BA%E3%83%97%E3%83%A9%E3%83%B33%E3%81%8B%E6%9C%88-%E3%82%AA%E3%83%B3%E3%83%A9%E3%82%A4%E3%83%B3%E3%82%B3%E3%83%BC%E3%83%89%E7%89%88/dp/B07HG6HC3H/ref=zg_bs_videogames_43/357-5044805-4246301?_encoding=UTF8&psc=1&refRID=FA1G9ZMRP0X91NTSNX3Y
ゲーム,44.,VA-11 Hall-A ヴァルハラ - Switch,￥ 2980,PLAYISM,https://www.amazon.co.jp/PLAYISM-VA-11-Hall-A-%E3%83%B4%E3%82%A1%E3%83%AB%E3%83%8F%E3%83%A9-Switch/dp/B07PGTKNFR/ref=zg_bs_videogames_44/357-5044805-4246301?_encoding=UTF8&psc=1&refRID=FA1G9ZMRP0X91NTSNX3Y
ゲーム,45.,Switch NS Joy-con対応 Joy-Con for Switch コントロール 右／左 センサーアナログジョイスティック 交換用 2個 キャップ付き ニンテンドースイッチ Joy-con用　L/Rセンサー コントロール　修理ツール付,￥ 1699,Aokeou,https://www.amazon.co.jp/Joy-con%E5%AF%BE%E5%BF%9C-%E3%82%BB%E3%83%B3%E3%82%B5%E3%83%BC%E3%82%A2%E3%83%8A%E3%83%AD%E3%82%B0%E3%82%B8%E3%83%A7%E3%82%A4%E3%82%B9%E3%83%86%E3%82%A3%E3%83%83%E3%82%AF-%E3%83%8B%E3%83%B3%E3%83%86%E3%83%B3%E3%83%89%E3%83%BC%E3%82%B9%E3%82%A4%E3%83%83%E3%83%81-Joy-con%E7%94%A8-%E3%82%B3%E3%83%B3%E3%83%88%E3%83%AD%E3%83%BC%E3%83%AB-%E4%BF%AE%E7%90%86%E3%83%84%E3%83%BC%E3%83%AB%E4%BB%98/dp/B07NVQMLCK/ref=zg_bs_videogames_45/357-5044805-4246301?_encoding=UTF8&psc=1&refRID=FA1G9ZMRP0X91NTSNX3Y
ゲーム,46.,龍が如く5 夢、叶えし者 【同梱特典】『龍が如く5 夢、叶えし者』オリジナルサウンドトラックのプロダクトコード & 『龍が如く ONLINE』ゲーム内アイテム(「SSR[輝くステージ]澤村遥」×1、「SSRガチャ券30」×1) 同梱 - PS4,￥ 3411,セガゲームス,https://www.amazon.co.jp/%E5%A4%A2%E3%80%81%E5%8F%B6%E3%81%88%E3%81%97%E8%80%85-%E3%80%90%E5%90%8C%E6%A2%B1%E7%89%B9%E5%85%B8%E3%80%91%E3%80%8E%E9%BE%8D%E3%81%8C%E5%A6%82%E3%81%8F5-%E5%A4%A2%E3%80%81%E5%8F%B6%E3%81%88%E3%81%97%E8%80%85%E3%80%8F%E3%82%AA%E3%83%AA%E3%82%B8%E3%83%8A%E3%83%AB%E3%82%B5%E3%82%A6%E3%83%B3%E3%83%89%E3%83%88%E3%83%A9%E3%83%83%E3%82%AF%E3%81%AE%E3%83%97%E3%83%AD%E3%83%80%E3%82%AF%E3%83%88%E3%82%B3%E3%83%BC%E3%83%89-ONLINE%E3%80%8F%E3%82%B2%E3%83%BC%E3%83%A0%E5%86%85%E3%82%A2%E3%82%A4%E3%83%86%E3%83%A0-%E6%BE%A4%E6%9D%91%E9%81%A5%E3%80%8D%C3%971%E3%80%81%E3%80%8CSSR%E3%82%AC%E3%83%81%E3%83%A3%E5%88%B830%E3%80%8D%C3%971/dp/B07Q1Q83BX/ref=zg_bs_videogames_46/357-5044805-4246301?_encoding=UTF8&psc=1&refRID=FA1G9ZMRP0X91NTSNX3Y
ゲーム,47.,【PS4】ドラゴンクエストXI 過ぎ去りし時を求めて,￥ 5340,スクウェア・エニックス,https://www.amazon.co.jp/%E3%82%B9%E3%82%AF%E3%82%A6%E3%82%A7%E3%82%A2%E3%83%BB%E3%82%A8%E3%83%8B%E3%83%83%E3%82%AF%E3%82%B9-%E3%80%90PS4%E3%80%91%E3%83%89%E3%83%A9%E3%82%B4%E3%83%B3%E3%82%AF%E3%82%A8%E3%82%B9%E3%83%88XI-%E9%81%8E%E3%81%8E%E5%8E%BB%E3%82%8A%E3%81%97%E6%99%82%E3%82%92%E6%B1%82%E3%82%81%E3%81%A6/dp/B06Y63281P/ref=zg_bs_videogames_47/357-5044805-4246301?_encoding=UTF8&psc=1&refRID=FA1G9ZMRP0X91NTSNX3Y
ゲーム,48.,Fit Boxing (フィットボクシング) -Switch,￥ 5246,イマジニア,https://www.amazon.co.jp/%E3%82%A4%E3%83%9E%E3%82%B8%E3%83%8B%E3%82%A2-Fit-Boxing-%E3%83%95%E3%82%A3%E3%83%83%E3%83%88%E3%83%9C%E3%82%AF%E3%82%B7%E3%83%B3%E3%82%B0-Switch/dp/B07HYKWLJH/ref=zg_bs_videogames_48/357-5044805-4246301?_encoding=UTF8&psc=1&refRID=FA1G9ZMRP0X91NTSNX3Y
ゲーム,49.,VA-11 Hall-A ヴァルハラ - PS4,￥ 2980,PLAYISM,https://www.amazon.co.jp/PLAYISM-VA-11-Hall-A-%E3%83%B4%E3%82%A1%E3%83%AB%E3%83%8F%E3%83%A9-PS4/dp/B07PL5T32G/ref=zg_bs_videogames_49/357-5044805-4246301?_encoding=UTF8&psc=1&refRID=FA1G9ZMRP0X91NTSNX3Y
ゲーム,50.,【Switch用追加コンテンツ】 ゼルダの伝説 ブレス オブ ザ ワイルド エキスパンション・パス|オンラインコード版,￥ 2204,任天堂,https://www.amazon.co.jp/%E3%80%90Switch%E7%94%A8%E8%BF%BD%E5%8A%A0%E3%82%B3%E3%83%B3%E3%83%86%E3%83%B3%E3%83%84%E3%80%91-%E3%82%BC%E3%83%AB%E3%83%80%E3%81%AE%E4%BC%9D%E8%AA%AC-%E3%83%AF%E3%82%A4%E3%83%AB%E3%83%89-%E3%82%A8%E3%82%AD%E3%82%B9%E3%83%91%E3%83%B3%E3%82%B7%E3%83%A7%E3%83%B3%E3%83%BB%E3%83%91%E3%82%B9-%E3%82%AA%E3%83%B3%E3%83%A9%E3%82%A4%E3%83%B3%E3%82%B3%E3%83%BC%E3%83%89%E7%89%88/dp/B06XCGRG4L/ref=zg_bs_videogames_50/357-5044805-4246301?_encoding=UTF8&psc=1&refRID=FA1G9ZMRP0X91NTSNX3Y
ゲーム,51.,モンスターハンター:ワールド - PS4,￥ 5290,カプコン,https://www.amazon.co.jp/%E3%82%AB%E3%83%97%E3%82%B3%E3%83%B3-%E3%83%A2%E3%83%B3%E3%82%B9%E3%82%BF%E3%83%BC%E3%83%8F%E3%83%B3%E3%82%BF%E3%83%BC-%E3%83%AF%E3%83%BC%E3%83%AB%E3%83%89-PS4/dp/B075RZ4MN2/ref=zg_bs_videogames_51/357-5044805-4246301?_encoding=UTF8&psc=1&refRID=FA1G9ZMRP0X91NTSNX3Y
ゲーム,52.,GAIMX CURBX エイムリング モーションコントロール サンプルセット(各種1つずつ計6個入り) PS4 switch Proコントローラー xbox one SCUF PCパッドに使用可 国内正規品,￥ 2480,GAIMX,https://www.amazon.co.jp/GAIMX-%E3%83%A2%E3%83%BC%E3%82%B7%E3%83%A7%E3%83%B3%E3%82%B3%E3%83%B3%E3%83%88%E3%83%AD%E3%83%BC%E3%83%AB-%E5%90%84%E7%A8%AE1%E3%81%A4%E3%81%9A%E3%81%A4%E8%A8%886%E5%80%8B%E5%85%A5%E3%82%8A-Pro%E3%82%B3%E3%83%B3%E3%83%88%E3%83%AD%E3%83%BC%E3%83%A9%E3%83%BC-PC%E3%83%91%E3%83%83%E3%83%89%E3%81%AB%E4%BD%BF%E7%94%A8%E5%8F%AF/dp/B07H1DV7N1/ref=zg_bs_videogames_52/357-5044805-4246301?_encoding=UTF8&psc=1&refRID=FA1G9ZMRP0X91NTSNX3Y
ゲーム,53.,イース セルセタの樹海:改 - PS4,￥ 3403,日本ファルコム,https://www.amazon.co.jp/%E6%97%A5%E6%9C%AC%E3%83%95%E3%82%A1%E3%83%AB%E3%82%B3%E3%83%A0-%E3%82%A4%E3%83%BC%E3%82%B9-%E3%82%BB%E3%83%AB%E3%82%BB%E3%82%BF%E3%81%AE%E6%A8%B9%E6%B5%B7-%E6%94%B9-PS4/dp/B07NG9KBSK/ref=zg_bs_videogames_53/357-5044805-4246301?_encoding=UTF8&psc=1&refRID=FA1G9ZMRP0X91NTSNX3Y
ゲーム,54.,ワイヤレスコントローラー(DUALSHOCK 4) ジェット・ブラック(CUH-ZCT2J),￥ 6550,ソニー・インタラクティブエンタテインメント,https://www.amazon.co.jp/%E3%83%AF%E3%82%A4%E3%83%A4%E3%83%AC%E3%82%B9%E3%82%B3%E3%83%B3%E3%83%88%E3%83%AD%E3%83%BC%E3%83%A9%E3%83%BC-DUALSHOCK-4-%E3%82%B8%E3%82%A7%E3%83%83%E3%83%88%E3%83%BB%E3%83%96%E3%83%A9%E3%83%83%E3%82%AF-CUH-ZCT2J/dp/B01LPTFJ8W/ref=zg_bs_videogames_54/357-5044805-4246301?_encoding=UTF8&psc=1&refRID=FA1G9ZMRP0X91NTSNX3Y
ゲーム,55.,太鼓の達人 Nintendo Switchば~じょん!,￥ 5501,バンダイナムコエンターテインメント,https://www.amazon.co.jp/%E3%83%90%E3%83%B3%E3%83%80%E3%82%A4%E3%83%8A%E3%83%A0%E3%82%B3%E3%82%A8%E3%83%B3%E3%82%BF%E3%83%BC%E3%83%86%E3%82%A4%E3%83%B3%E3%83%A1%E3%83%B3%E3%83%88-%E5%A4%AA%E9%BC%93%E3%81%AE%E9%81%94%E4%BA%BA-Nintendo-Switch%E3%81%B0-%E3%81%98%E3%82%87%E3%82%93/dp/B07D2L6Z8T/ref=zg_bs_videogames_55/357-5044805-4246301?_encoding=UTF8&psc=1&refRID=FA1G9ZMRP0X91NTSNX3Y
ゲーム,56.,Nintendo Switch ACアダプター,￥ 2830,任天堂,https://www.amazon.co.jp/%E4%BB%BB%E5%A4%A9%E5%A0%82-4902370535747-Nintendo-Switch-AC%E3%82%A2%E3%83%80%E3%83%97%E3%82%BF%E3%83%BC/dp/B01MY9I55F/ref=zg_bs_videogames_56/357-5044805-4246301?_encoding=UTF8&psc=1&refRID=FA1G9ZMRP0X91NTSNX3Y
ゲーム,57.,PlayStation 4 Pro ジェット・ブラック 1TB (CUH-7200BB01),￥ 40780,ソニー・インタラクティブエンタテインメント,https://www.amazon.co.jp/PlayStation-4-Pro-%E3%82%B8%E3%82%A7%E3%83%83%E3%83%88%E3%83%BB%E3%83%96%E3%83%A9%E3%83%83%E3%82%AF-1TB/dp/B07HHZTD8C/ref=zg_bs_videogames_57/357-5044805-4246301?_encoding=UTF8&psc=1&refRID=FA1G9ZMRP0X91NTSNX3Y
ゲーム,58.,妖怪ウォッチ4 ぼくらは同じ空を見上げている -Switch (【早期購入特典】ジバニャンズ&猫又 クリスタル妖怪アーク 同梱)【Amazon.co.jp限定予約特典】「妖怪ウォッチ4 アイテムゲットカードA」アカネコ紅蓮丸(ぐれんまる)&【予約特典】妖怪ウォッチ4 ウィスパーアート下敷き &【Amazon.co.jp限定】オリジナルぷくぷくシール(20種)付,￥ 6458,レベルファイブ,https://www.amazon.co.jp/%E3%81%BC%E3%81%8F%E3%82%89%E3%81%AF%E5%90%8C%E3%81%98%E7%A9%BA%E3%82%92%E8%A6%8B%E4%B8%8A%E3%81%92%E3%81%A6%E3%81%84%E3%82%8B-%E3%80%90%E6%97%A9%E6%9C%9F%E8%B3%BC%E5%85%A5%E7%89%B9%E5%85%B8%E3%80%91%E3%82%B8%E3%83%90%E3%83%8B%E3%83%A3%E3%83%B3%E3%82%BA-%E3%80%90Amazon-co-jp%E9%99%90%E5%AE%9A%E4%BA%88%E7%B4%84%E7%89%B9%E5%85%B8%E3%80%91%E3%80%8C%E5%A6%96%E6%80%AA%E3%82%A6%E3%82%A9%E3%83%83%E3%83%814-%E3%82%A2%E3%82%A4%E3%83%86%E3%83%A0%E3%82%B2%E3%83%83%E3%83%88%E3%82%AB%E3%83%BC%E3%83%89A%E3%80%8D%E3%82%A2%E3%82%AB%E3%83%8D%E3%82%B3%E7%B4%85%E8%93%AE%E4%B8%B8-%E3%80%90Amazon-co-jp%E9%99%90%E5%AE%9A%E3%80%91%E3%82%AA%E3%83%AA%E3%82%B8%E3%83%8A%E3%83%AB%E3%81%B7%E3%81%8F%E3%81%B7%E3%81%8F%E3%82%B7%E3%83%BC%E3%83%AB/dp/B07PPNB2CF/ref=zg_bs_videogames_58/357-5044805-4246301?_encoding=UTF8&psc=1&refRID=FA1G9ZMRP0X91NTSNX3Y
ゲーム,59.,【PS4】Detroit: Become Human Value Selection,￥ 3341,ソニー・インタラクティブエンタテインメント,https://www.amazon.co.jp/%E3%80%90PS4%E3%80%91Detroit-Become-Human-Value-Selection/dp/B07JYKC2PL/ref=zg_bs_videogames_59/357-5044805-4246301?_encoding=UTF8&psc=1&refRID=FA1G9ZMRP0X91NTSNX3Y
ゲーム,60.,PlayStation 4 グレイシャー・ホワイト 500GB (CUH-2200AB02),￥ 29700,ソニー・インタラクティブエンタテインメント,https://www.amazon.co.jp/PlayStation-%E3%82%B0%E3%83%AC%E3%82%A4%E3%82%B7%E3%83%A3%E3%83%BC%E3%83%BB%E3%83%9B%E3%83%AF%E3%82%A4%E3%83%88-500GB-CUH-2200AB02-%E3%81%8A%E5%A5%BD%E3%81%8D%E3%81%AA%E3%83%80%E3%82%A6%E3%83%B3%E3%83%AD%E3%83%BC%E3%83%89%E3%82%BD%E3%83%95%E3%83%882%E6%9C%AC%E3%82%BB%E3%83%83%E3%83%88/dp/B07F76JX3F/ref=zg_bs_videogames_60/357-5044805-4246301?_encoding=UTF8&psc=1&refRID=FA1G9ZMRP0X91NTSNX3Y
ゲーム,61.,【日本市場向け】【実容量高】 PSP2000/3000 互換 PSP-S110 バッテリーパック 【ロワジャパンPSEマーク】,￥ 1388,ロワジャパン,https://www.amazon.co.jp/%E3%80%90%E6%97%A5%E6%9C%AC%E5%B8%82%E5%A0%B4%E5%90%91%E3%81%91%E3%80%91%E3%80%90%E5%AE%9F%E5%AE%B9%E9%87%8F%E9%AB%98%E3%80%91-PSP2000-PSP-S110-%E3%83%90%E3%83%83%E3%83%86%E3%83%AA%E3%83%BC%E3%83%91%E3%83%83%E3%82%AF-%E3%80%90%E3%83%AD%E3%83%AF%E3%82%B8%E3%83%A3%E3%83%91%E3%83%B3PSE%E3%83%9E%E3%83%BC%E3%82%AF%E3%80%91/dp/B002HUWGJY/ref=zg_bs_videogames_61/356-7243628-6852422?_encoding=UTF8&psc=1&refRID=2NMMENAW63YR8PGRSTHD
ゲーム,62.,ニンテンドークラシックミニ スーパーファミコン,￥ 8093,任天堂,https://www.amazon.co.jp/%E4%BB%BB%E5%A4%A9%E5%A0%82-4902370537147-%E3%83%8B%E3%83%B3%E3%83%86%E3%83%B3%E3%83%89%E3%83%BC%E3%82%AF%E3%83%A9%E3%82%B7%E3%83%83%E3%82%AF%E3%83%9F%E3%83%8B-%E3%82%B9%E3%83%BC%E3%83%91%E3%83%BC%E3%83%95%E3%82%A1%E3%83%9F%E3%82%B3%E3%83%B3/dp/B075MK6THW/ref=zg_bs_videogames_62/356-7243628-6852422?_encoding=UTF8&psc=1&refRID=2NMMENAW63YR8PGRSTHD
ゲーム,63.,ワイヤレスコントローラー (DUALSHOCK 4) マグマ・レッド (CUH-ZCT2J11),￥ 6400,ソニー・インタラクティブエンタテインメント,https://www.amazon.co.jp/%E3%83%AF%E3%82%A4%E3%83%A4%E3%83%AC%E3%82%B9%E3%82%B3%E3%83%B3%E3%83%88%E3%83%AD%E3%83%BC%E3%83%A9%E3%83%BC-DUALSHOCK-4-%E3%83%9E%E3%82%B0%E3%83%9E%E3%83%BB%E3%83%AC%E3%83%83%E3%83%89-CUH-ZCT2J11/dp/B01LRMLR9W/ref=zg_bs_videogames_63/356-7243628-6852422?_encoding=UTF8&psc=1&refRID=2NMMENAW63YR8PGRSTHD
ゲーム,64.,モンスターハンターワールド:アイスボーン マスターエディション (【予約特典】防具「ユクモノ」シリーズ(重ね着装備)」 が手に入るプロダクトコード 同梱) - PS4,￥ 5986,カプコン,https://www.amazon.co.jp/%E3%83%A2%E3%83%B3%E3%82%B9%E3%82%BF%E3%83%BC%E3%83%8F%E3%83%B3%E3%82%BF%E3%83%BC%E3%83%AF%E3%83%BC%E3%83%AB%E3%83%89-%E3%82%A2%E3%82%A4%E3%82%B9%E3%83%9C%E3%83%BC%E3%83%B3-%E3%83%9E%E3%82%B9%E3%82%BF%E3%83%BC%E3%82%A8%E3%83%87%E3%82%A3%E3%82%B7%E3%83%A7%E3%83%B3-%E3%80%90%E4%BA%88%E7%B4%84%E7%89%B9%E5%85%B8%E3%80%91%E9%98%B2%E5%85%B7%E3%80%8C%E3%83%A6%E3%82%AF%E3%83%A2%E3%83%8E%E3%80%8D%E3%82%B7%E3%83%AA%E3%83%BC%E3%82%BA-%E3%81%8C%E6%89%8B%E3%81%AB%E5%85%A5%E3%82%8B%E3%83%97%E3%83%AD%E3%83%80%E3%82%AF%E3%83%88%E3%82%B3%E3%83%BC%E3%83%89/dp/B07RP4WP59/ref=zg_bs_videogames_64/356-7243628-6852422?_encoding=UTF8&psc=1&refRID=2NMMENAW63YR8PGRSTHD
ゲーム,65.,XIM APEX PS4/PS3/xbox one/x box360【国内正規品/一年間保証/日本語版アプリAndroid/iphone/PC】,￥ 15800,Xim Technologies,https://www.amazon.co.jp/APEX-box360%E3%80%90%E5%9B%BD%E5%86%85%E6%AD%A3%E8%A6%8F%E5%93%81-%E4%B8%80%E5%B9%B4%E9%96%93%E4%BF%9D%E8%A8%BC-%E6%97%A5%E6%9C%AC%E8%AA%9E%E7%89%88%E3%82%A2%E3%83%97%E3%83%AAAndroid-iphone/dp/B07B8LKV9Z/ref=zg_bs_videogames_65/356-7243628-6852422?_encoding=UTF8&psc=1&refRID=2NMMENAW63YR8PGRSTHD
ゲーム,66.,アズールレーン クロスウェーブ 限定版 【限定版同梱物】(描き下ろしイラスト使用)オリジナル収納BOX、設定資料ビジュアルブック、プチドラマ&ミニサウンドトラックCD、特製デフォルメフィギュア 同梱 & 【予約特典】プロダクトコードカード 付 & 【Amazon.co.jp限定】ドラマCD 付 - PS4,￥ 13824,コンパイルハート,https://www.amazon.co.jp/%E6%8F%8F%E3%81%8D%E4%B8%8B%E3%82%8D%E3%81%97%E3%82%A4%E3%83%A9%E3%82%B9%E3%83%88%E4%BD%BF%E7%94%A8-%E3%82%AA%E3%83%AA%E3%82%B8%E3%83%8A%E3%83%AB%E5%8F%8E%E7%B4%8DBOX%E3%80%81%E8%A8%AD%E5%AE%9A%E8%B3%87%E6%96%99%E3%83%93%E3%82%B8%E3%83%A5%E3%82%A2%E3%83%AB%E3%83%96%E3%83%83%E3%82%AF%E3%80%81%E3%83%97%E3%83%81%E3%83%89%E3%83%A9%E3%83%9E-%E3%83%9F%E3%83%8B%E3%82%B5%E3%82%A6%E3%83%B3%E3%83%89%E3%83%88%E3%83%A9%E3%83%83%E3%82%AFCD%E3%80%81%E7%89%B9%E8%A3%BD%E3%83%87%E3%83%95%E3%82%A9%E3%83%AB%E3%83%A1%E3%83%95%E3%82%A3%E3%82%AE%E3%83%A5%E3%82%A2-%E3%80%90%E4%BA%88%E7%B4%84%E7%89%B9%E5%85%B8%E3%80%91%E3%83%97%E3%83%AD%E3%83%80%E3%82%AF%E3%83%88%E3%82%B3%E3%83%BC%E3%83%89%E3%82%AB%E3%83%BC%E3%83%89-%E3%80%90Amazon-co-jp%E9%99%90%E5%AE%9A%E3%80%91%E3%83%89%E3%83%A9%E3%83%9ECD/dp/B07Q214C46/ref=zg_bs_videogames_66/356-7243628-6852422?_encoding=UTF8&psc=1&refRID=2NMMENAW63YR8PGRSTHD
ゲーム,67.,スーパーマリオ オデッセイ - Switch,￥ 5360,任天堂,https://www.amazon.co.jp/%E4%BB%BB%E5%A4%A9%E5%A0%82-%E3%82%B9%E3%83%BC%E3%83%91%E3%83%BC%E3%83%9E%E3%83%AA%E3%82%AA-%E3%82%AA%E3%83%87%E3%83%83%E3%82%BB%E3%82%A4-Switch/dp/B075LC617B/ref=zg_bs_videogames_67/356-7243628-6852422?_encoding=UTF8&psc=1&refRID=2NMMENAW63YR8PGRSTHD
ゲーム,68.,Battlefield V (バトルフィールドV) - PS4,￥ 1920,エレクトロニック・アーツ,https://www.amazon.co.jp/%E3%82%A8%E3%83%AC%E3%82%AF%E3%83%88%E3%83%AD%E3%83%8B%E3%83%83%E3%82%AF%E3%83%BB%E3%82%A2%E3%83%BC%E3%83%84-Battlefield-V-%E3%83%90%E3%83%88%E3%83%AB%E3%83%95%E3%82%A3%E3%83%BC%E3%83%AB%E3%83%89V-PS4/dp/B07D85MDDM/ref=zg_bs_videogames_68/356-7243628-6852422?_encoding=UTF8&psc=1&refRID=2NMMENAW63YR8PGRSTHD
ゲーム,69.,「3枚入り」Nintendo Switch 保護フィルム iVoler 専用強化 ガラスフィルム「日本硝子素材」 「ラウンドエッジ加工」硬度9H 指紋防止 高透過率 ガラス飛散防止 自動吸着 気泡ゼロ,￥ 799,iVoler,https://www.amazon.co.jp/%E3%80%8C3%E6%9E%9A%E5%85%A5%E3%82%8A%E3%80%8DNintendo-Switch-%E4%BF%9D%E8%AD%B7%E3%83%95%E3%82%A3%E3%83%AB%E3%83%A0-iVoler-%E5%B0%82%E7%94%A8%E5%BC%B7%E5%8C%96-%E3%82%AC%E3%83%A9%E3%82%B9%E3%83%95%E3%82%A3%E3%83%AB%E3%83%A0%E3%80%8C%E6%97%A5%E6%9C%AC%E7%A1%9D%E5%AD%90%E7%B4%A0%E6%9D%90%E3%80%8D%E3%80%8C%E3%83%A9%E3%82%A6%E3%83%B3%E3%83%89%E3%82%A8%E3%83%83%E3%82%B8%E5%8A%A0%E5%B7%A5%E3%80%8D-%E9%AB%98%E9%80%8F%E9%81%8E%E7%8E%87-%E3%82%AC%E3%83%A9%E3%82%B9%E9%A3%9B%E6%95%A3%E9%98%B2%E6%AD%A2/dp/B07KBHM7J1/ref=zg_bs_videogames_69/356-7243628-6852422?_encoding=UTF8&psc=1&refRID=2NMMENAW63YR8PGRSTHD
ゲーム,70.,JUDGE EYES:死神の遺言 新価格版 - PS4,￥ 3888,セガゲームス,https://www.amazon.co.jp/JUDGE-EYES-%E6%AD%BB%E7%A5%9E%E3%81%AE%E9%81%BA%E8%A8%80-%E6%96%B0%E4%BE%A1%E6%A0%BC%E7%89%88-PS4/dp/B07S92JVBS/ref=zg_bs_videogames_70/356-7243628-6852422?_encoding=UTF8&psc=1&refRID=2NMMENAW63YR8PGRSTHD
ゲーム,71.,鬼ノ哭ク邦(オニノナククニ)- PS4,￥ 4964,スクウェア・エニックス,https://www.amazon.co.jp/%E3%82%B9%E3%82%AF%E3%82%A6%E3%82%A7%E3%82%A2%E3%83%BB%E3%82%A8%E3%83%8B%E3%83%83%E3%82%AF%E3%82%B9-%E9%AC%BC%E3%83%8E%E5%93%AD%E3%82%AF%E9%82%A6-%E3%82%AA%E3%83%8B%E3%83%8E%E3%83%8A%E3%82%AF%E3%82%AF%E3%83%8B-PS4/dp/B07RY6DVHV/ref=zg_bs_videogames_71/356-7243628-6852422?_encoding=UTF8&psc=1&refRID=2NMMENAW63YR8PGRSTHD
ゲーム,72.,星のカービィ スターアライズ - Switch,￥ 5405,任天堂,https://www.amazon.co.jp/%E4%BB%BB%E5%A4%A9%E5%A0%82-%E6%98%9F%E3%81%AE%E3%82%AB%E3%83%BC%E3%83%93%E3%82%A3-%E3%82%B9%E3%82%BF%E3%83%BC%E3%82%A2%E3%83%A9%E3%82%A4%E3%82%BA-Switch/dp/B078Y35VK4/ref=zg_bs_videogames_72/356-7243628-6852422?_encoding=UTF8&psc=1&refRID=2NMMENAW63YR8PGRSTHD
ゲーム,73.,ファイナルファンタジーXII ザ ゾディアック エイジ - Switch,￥ 5246,スクウェア・エニックス,https://www.amazon.co.jp/%E3%83%95%E3%82%A1%E3%82%A4%E3%83%8A%E3%83%AB%E3%83%95%E3%82%A1%E3%83%B3%E3%82%BF%E3%82%B8%E3%83%BCXII-%E3%82%B6-%E3%82%BE%E3%83%87%E3%82%A3%E3%82%A2%E3%83%83%E3%82%AF-%E3%82%A8%E3%82%A4%E3%82%B8-Switch/dp/B07MQK5L8V/ref=zg_bs_videogames_73/356-7243628-6852422?_encoding=UTF8&psc=1&refRID=2NMMENAW63YR8PGRSTHD
ゲーム,74.,【正規輸入品】Oculus Go (オキュラスゴー) - 64 GB,￥ 31104,Oculus,https://www.amazon.co.jp/%E3%80%90%E6%AD%A3%E8%A6%8F%E8%BC%B8%E5%85%A5%E5%93%81%E3%80%91Oculus-Go-%E3%82%AA%E3%82%AD%E3%83%A5%E3%83%A9%E3%82%B9%E3%82%B4%E3%83%BC-64-GB/dp/B07KM77ZGP/ref=zg_bs_videogames_74/356-7243628-6852422?_encoding=UTF8&psc=1&refRID=2NMMENAW63YR8PGRSTHD
ゲーム,75.,ファイナルファンタジーX/X-2 HD Remaster - Switch,￥ 6145,スクウェア・エニックス,https://www.amazon.co.jp/%E3%83%95%E3%82%A1%E3%82%A4%E3%83%8A%E3%83%AB%E3%83%95%E3%82%A1%E3%83%B3%E3%82%BF%E3%82%B8%E3%83%BCX-X-2-HD-Remaster-Switch/dp/B07MJQPMZG/ref=zg_bs_videogames_75/356-7243628-6852422?_encoding=UTF8&psc=1&refRID=2NMMENAW63YR8PGRSTHD
ゲーム,76.,Joy-Con (L)/(R) ネオンイエロー,￥ 7728,任天堂 用アクセサリー,https://www.amazon.co.jp/%E4%BB%BB%E5%A4%A9%E5%A0%82-%E7%94%A8%E3%82%A2%E3%82%AF%E3%82%BB%E3%82%B5%E3%83%AA%E3%83%BC-4902370536515-Joy-Con-%E3%83%8D%E3%82%AA%E3%83%B3%E3%82%A4%E3%82%A8%E3%83%AD%E3%83%BC/dp/B06ZZGGZBF/ref=zg_bs_videogames_76/356-7243628-6852422?_encoding=UTF8&psc=1&refRID=2NMMENAW63YR8PGRSTHD
ゲーム,77.,Newニンテンドー2DS LL 【ブラック×ライム】,￥ 11860,任天堂,https://www.amazon.co.jp/%E4%BB%BB%E5%A4%A9%E5%A0%82-NEW%E3%83%8B%E3%83%B3%E3%83%86%E3%83%B3%E3%83%89%E3%83%BC2DS-LL-New%E3%83%8B%E3%83%B3%E3%83%86%E3%83%B3%E3%83%89%E3%83%BC2DS-%E3%80%90%E3%83%96%E3%83%A9%E3%83%83%E3%82%AF%C3%97%E3%83%A9%E3%82%A4%E3%83%A0%E3%80%91/dp/B075LTBNXW/ref=zg_bs_videogames_77/356-7243628-6852422?_encoding=UTF8&psc=1&refRID=2NMMENAW63YR8PGRSTHD
ゲーム,78.,ドラえもん のび太の牧場物語 -Switch (【早期購入特典】“のび太の部屋セット"を入手できるダウンロード番号 同梱) 【Amazon.co.jp限定】ゲーム内で「四季の野菜セット! 」がもらえるダウンロード番号 配信 付,￥ 6588,バンダイナムコエンターテインメント,https://www.amazon.co.jp/%E3%81%AE%E3%81%B3%E5%A4%AA%E3%81%AE%E7%89%A7%E5%A0%B4%E7%89%A9%E8%AA%9E-%E3%80%90%E6%97%A9%E6%9C%9F%E8%B3%BC%E5%85%A5%E7%89%B9%E5%85%B8%E3%80%91%E2%80%9C%E3%81%AE%E3%81%B3%E5%A4%AA%E3%81%AE%E9%83%A8%E5%B1%8B%E3%82%BB%E3%83%83%E3%83%88-%E3%82%92%E5%85%A5%E6%89%8B%E3%81%A7%E3%81%8D%E3%82%8B%E3%83%80%E3%82%A6%E3%83%B3%E3%83%AD%E3%83%BC%E3%83%89%E7%95%AA%E5%8F%B7-%E3%80%90Amazon-co-jp%E9%99%90%E5%AE%9A%E3%80%91%E3%82%B2%E3%83%BC%E3%83%A0%E5%86%85%E3%81%A7%E3%80%8C%E5%9B%9B%E5%AD%A3%E3%81%AE%E9%87%8E%E8%8F%9C%E3%82%BB%E3%83%83%E3%83%88-%E3%80%8D%E3%81%8C%E3%82%82%E3%82%89%E3%81%88%E3%82%8B%E3%83%80%E3%82%A6%E3%83%B3%E3%83%AD%E3%83%BC%E3%83%89%E7%95%AA%E5%8F%B7/dp/B07Q5S3V7K/ref=zg_bs_videogames_78/356-7243628-6852422?_encoding=UTF8&psc=1&refRID=2NMMENAW63YR8PGRSTHD
ゲーム,79.,BIOHAZARD RE:2 Z Version - PS4,￥ 4978,カプコン,https://www.amazon.co.jp/%E3%82%AB%E3%83%97%E3%82%B3%E3%83%B3-BIOHAZARD-RE-Version-PS4/dp/B07G96XSNY/ref=zg_bs_videogames_79/356-7243628-6852422?_encoding=UTF8&psc=1&refRID=2NMMENAW63YR8PGRSTHD
ゲーム,80.,グランド・セフト・オートV 【CEROレーティング「Z」】 (「特典」タイガーシャークマネーカード(「GTAオンライン」マネー$20万)DLCのプロダクトコード 同梱) - PS4,￥ 2998,ロックスター・ゲームス,https://www.amazon.co.jp/%E3%82%B0%E3%83%A9%E3%83%B3%E3%83%89%E3%83%BB%E3%82%BB%E3%83%95%E3%83%88%E3%83%BB%E3%82%AA%E3%83%BC%E3%83%88V-%E3%80%90CERO%E3%83%AC%E3%83%BC%E3%83%86%E3%82%A3%E3%83%B3%E3%82%B0%E3%80%8CZ%E3%80%8D%E3%80%91-%E3%80%8C%E7%89%B9%E5%85%B8%E3%80%8D%E3%82%BF%E3%82%A4%E3%82%AC%E3%83%BC%E3%82%B7%E3%83%A3%E3%83%BC%E3%82%AF%E3%83%9E%E3%83%8D%E3%83%BC%E3%82%AB%E3%83%BC%E3%83%89-%E3%80%8CGTA%E3%82%AA%E3%83%B3%E3%83%A9%E3%82%A4%E3%83%B3%E3%80%8D%E3%83%9E%E3%83%8D%E3%83%BC-DLC%E3%81%AE%E3%83%97%E3%83%AD%E3%83%80%E3%82%AF%E3%83%88%E3%82%B3%E3%83%BC%E3%83%89/dp/B07K6LZR6G/ref=zg_bs_videogames_80/356-7243628-6852422?_encoding=UTF8&psc=1&refRID=2NMMENAW63YR8PGRSTHD
ゲーム,81.,Joy-Con (L) グレー,￥ 4433,任天堂,https://www.amazon.co.jp/%E4%BB%BB%E5%A4%A9%E5%A0%82-Joy-Con-L-%E3%82%B0%E3%83%AC%E3%83%BC/dp/B01MS8OGU1/ref=zg_bs_videogames_81/355-9924533-1951168?_encoding=UTF8&psc=1&refRID=7QZKN4Q2N5S23ER5N7ZY
ゲーム,82.,２枚入り Nintendo Switch 保護フィルム ブルーライトカット 日本硝子素材 硬度9H 強靭 強化ガラス 3Dガラス ラウンドエッジ加工 撥水撥油 指紋防止 フッ素加工 飛散防止 ピタ貼り 自動吸着 気泡ゼロ 極薄 任天堂 スイッチ ニンテンドー,￥ 1099,Beyeah,https://www.amazon.co.jp/Nintendo-Switch-%E4%BF%9D%E8%AD%B7%E3%83%95%E3%82%A3%E3%83%AB%E3%83%A0-%E3%83%96%E3%83%AB%E3%83%BC%E3%83%A9%E3%82%A4%E3%83%88%E3%82%AB%E3%83%83%E3%83%88-%E3%83%A9%E3%82%A6%E3%83%B3%E3%83%89%E3%82%A8%E3%83%83%E3%82%B8%E5%8A%A0%E5%B7%A5/dp/B07PPZQXV4/ref=zg_bs_videogames_82/355-9924533-1951168?_encoding=UTF8&psc=1&refRID=7QZKN4Q2N5S23ER5N7ZY
ゲーム,83.,ドラゴンクエストヒーローズI・II for Nintendo Switch,￥ 6880,スクウェア・エニックス,https://www.amazon.co.jp/%E3%82%B9%E3%82%AF%E3%82%A6%E3%82%A7%E3%82%A2%E3%83%BB%E3%82%A8%E3%83%8B%E3%83%83%E3%82%AF%E3%82%B9-%E3%83%89%E3%83%A9%E3%82%B4%E3%83%B3%E3%82%AF%E3%82%A8%E3%82%B9%E3%83%88%E3%83%92%E3%83%BC%E3%83%AD%E3%83%BC%E3%82%BAI%E3%83%BBII-for-Nintendo-Switch/dp/B01N242UN2/ref=zg_bs_videogames_83/355-9924533-1951168?_encoding=UTF8&psc=1&refRID=7QZKN4Q2N5S23ER5N7ZY
ゲーム,84.,ニンテンドークラシックミニ ファミリーコンピュータ,￥ 6100,任天堂,https://www.amazon.co.jp/%E4%BB%BB%E5%A4%A9%E5%A0%82-10758-%E3%83%8B%E3%83%B3%E3%83%86%E3%83%B3%E3%83%89%E3%83%BC%E3%82%AF%E3%83%A9%E3%82%B7%E3%83%83%E3%82%AF%E3%83%9F%E3%83%8B-%E3%83%95%E3%82%A1%E3%83%9F%E3%83%AA%E3%83%BC%E3%82%B3%E3%83%B3%E3%83%94%E3%83%A5%E3%83%BC%E3%82%BF/dp/B01M1VMFUA/ref=zg_bs_videogames_84/355-9924533-1951168?_encoding=UTF8&psc=1&refRID=7QZKN4Q2N5S23ER5N7ZY
ゲーム,85.,モンスターボール Plus,￥ 5122,任天堂,https://www.amazon.co.jp/%E4%BB%BB%E5%A4%A9%E5%A0%82-HAC-A-PLSAA-%E3%83%A2%E3%83%B3%E3%82%B9%E3%82%BF%E3%83%BC%E3%83%9C%E3%83%BC%E3%83%AB-Plus/dp/B07FF9T9BM/ref=zg_bs_videogames_85/355-9924533-1951168?_encoding=UTF8&psc=1&refRID=7QZKN4Q2N5S23ER5N7ZY
ゲーム,86.,【PS4】Marvel's Spider-Man Value Selection,￥ 3341,ソニー・インタラクティブエンタテインメント,https://www.amazon.co.jp/%E3%82%BD%E3%83%8B%E3%83%BC%E3%83%BB%E3%82%A4%E3%83%B3%E3%82%BF%E3%83%A9%E3%82%AF%E3%83%86%E3%82%A3%E3%83%96%E3%82%A8%E3%83%B3%E3%82%BF%E3%83%86%E3%82%A4%E3%83%B3%E3%83%A1%E3%83%B3%E3%83%88-%E3%80%90PS4%E3%80%91Marvels-Spider-Man-Value-Selection/dp/B07P2WDJB3/ref=zg_bs_videogames_86/355-9924533-1951168?_encoding=UTF8&psc=1&refRID=7QZKN4Q2N5S23ER5N7ZY
ゲーム,87.,Joy-Con充電グリップ,￥ 2283,任天堂,https://www.amazon.co.jp/%E4%BB%BB%E5%A4%A9%E5%A0%82-orjinaljoycongrip-Joy-Con%E5%85%85%E9%9B%BB%E3%82%B0%E3%83%AA%E3%83%83%E3%83%97/dp/B01N7TGKYE/ref=zg_bs_videogames_87/355-9924533-1951168?_encoding=UTF8&psc=1&refRID=7QZKN4Q2N5S23ER5N7ZY
ゲーム,88.,実況パワフルプロ野球2018 - PS4,￥ 4278,コナミデジタルエンタテインメント,https://www.amazon.co.jp/%E3%82%B3%E3%83%8A%E3%83%9F%E3%83%87%E3%82%B8%E3%82%BF%E3%83%AB%E3%82%A8%E3%83%B3%E3%82%BF%E3%83%86%E3%82%A4%E3%83%B3%E3%83%A1%E3%83%B3%E3%83%88-%E5%AE%9F%E6%B3%81%E3%83%91%E3%83%AF%E3%83%95%E3%83%AB%E3%83%97%E3%83%AD%E9%87%8E%E7%90%832018-PS4/dp/B078LHP564/ref=zg_bs_videogames_88/355-9924533-1951168?_encoding=UTF8&psc=1&refRID=7QZKN4Q2N5S23ER5N7ZY
ゲーム,89.,２枚入り Nintendo Switch ガラスフィルム スイッチ 保護フィルム 任天堂 強化保護ガラス 硬度9H ガラス飛散防止 指紋防止 気泡ゼロ 極薄 ブルーライトカット 日本製素材 旭硝子仕様モデル,￥ 149,ReeDeal,https://www.amazon.co.jp/Nintendo-%E3%82%AC%E3%83%A9%E3%82%B9%E3%83%95%E3%82%A3%E3%83%AB%E3%83%A0-%E5%BC%B7%E5%8C%96%E4%BF%9D%E8%AD%B7%E3%82%AC%E3%83%A9%E3%82%B9-%E3%83%96%E3%83%AB%E3%83%BC%E3%83%A9%E3%82%A4%E3%83%88%E3%82%AB%E3%83%83%E3%83%88-%E6%97%AD%E7%A1%9D%E5%AD%90%E4%BB%95%E6%A7%98%E3%83%A2%E3%83%87%E3%83%AB/dp/B07QQP6KFS/ref=zg_bs_videogames_89/355-9924533-1951168?_encoding=UTF8&psc=1&refRID=7QZKN4Q2N5S23ER5N7ZY
ゲーム,90.,【任天堂ライセンス商品】ホリ クラシックコントローラー for Nintendo Switch ゼルダ【Nintendo Switch対応】,￥ 4080,ホリ,https://www.amazon.co.jp/%E3%80%90%E4%BB%BB%E5%A4%A9%E5%A0%82%E3%83%A9%E3%82%A4%E3%82%BB%E3%83%B3%E3%82%B9%E5%95%86%E5%93%81%E3%80%91%E3%83%9B%E3%83%AA-%E3%82%AF%E3%83%A9%E3%82%B7%E3%83%83%E3%82%AF%E3%82%B3%E3%83%B3%E3%83%88%E3%83%AD%E3%83%BC%E3%83%A9%E3%83%BC-Nintendo-%E3%82%BC%E3%83%AB%E3%83%80%E3%80%90Nintendo-Switch%E5%AF%BE%E5%BF%9C%E3%80%91/dp/B07FC8GBR2/ref=zg_bs_videogames_90/355-9924533-1951168?_encoding=UTF8&psc=1&refRID=7QZKN4Q2N5S23ER5N7ZY
ゲーム,91.,Nintendo Switch Proコントローラー スプラトゥーン2エディション,￥ 7115,任天堂 用アクセサリー,https://www.amazon.co.jp/%E4%BB%BB%E5%A4%A9%E5%A0%82-%E7%94%A8%E3%82%A2%E3%82%AF%E3%82%BB%E3%82%B5%E3%83%AA%E3%83%BC-4902370536980-Pro%E3%82%B3%E3%83%B3%E3%83%88%E3%83%AD%E3%83%BC%E3%83%A9%E3%83%BC-%E3%82%B9%E3%83%97%E3%83%A9%E3%83%88%E3%82%A5%E3%83%BC%E3%83%B32%E3%82%A8%E3%83%87%E3%82%A3%E3%82%B7%E3%83%A7%E3%83%B3/dp/B072FHHZFJ/ref=zg_bs_videogames_91/355-9924533-1951168?_encoding=UTF8&psc=1&refRID=7QZKN4Q2N5S23ER5N7ZY
ゲーム,92.,VRカバー Oculus Rift用/Oculus Quest 使用可能 ノーマルタイプ2枚セット 綿 紺色 洗濯可能,￥ 2212,Mogura VR,https://www.amazon.co.jp/VR%E3%82%AB%E3%83%90%E3%83%BC-Oculus-Rift%E7%94%A8-%E3%83%8E%E3%83%BC%E3%83%9E%E3%83%AB%E3%82%BF%E3%82%A4%E3%83%972%E6%9E%9A%E3%82%BB%E3%83%83%E3%83%88-%E6%B4%97%E6%BF%AF%E5%8F%AF%E8%83%BD/dp/B01N5IKWJM/ref=zg_bs_videogames_92/355-9924533-1951168?_encoding=UTF8&psc=1&refRID=7QZKN4Q2N5S23ER5N7ZY
ゲーム,93.,アルティメット ヒッツ ドラゴンクエストV 天空の花嫁,￥ 4680,スクウェア・エニックス,https://www.amazon.co.jp/%E3%82%B9%E3%82%AF%E3%82%A6%E3%82%A7%E3%82%A2%E3%83%BB%E3%82%A8%E3%83%8B%E3%83%83%E3%82%AF%E3%82%B9-NTR-P-YV5J-%E3%82%A2%E3%83%AB%E3%83%86%E3%82%A3%E3%83%A1%E3%83%83%E3%83%88-%E3%83%89%E3%83%A9%E3%82%B4%E3%83%B3%E3%82%AF%E3%82%A8%E3%82%B9%E3%83%88V-%E5%A4%A9%E7%A9%BA%E3%81%AE%E8%8A%B1%E5%AB%81/dp/B0034792EQ/ref=zg_bs_videogames_93/355-9924533-1951168?_encoding=UTF8&psc=1&refRID=7QZKN4Q2N5S23ER5N7ZY
ゲーム,94.,【PS4】コール オブ デューティ ブラックオプス 4【CEROレーティング「Z」】,￥ 5680,ソニー・インタラクティブエンタテインメント,https://www.amazon.co.jp/%E3%80%90PS4%E3%80%91%E3%82%B3%E3%83%BC%E3%83%AB-%E3%82%AA%E3%83%96-%E3%83%87%E3%83%A5%E3%83%BC%E3%83%86%E3%82%A3-%E3%83%96%E3%83%A9%E3%83%83%E3%82%AF%E3%82%AA%E3%83%97%E3%82%B9-4%E3%80%90CERO%E3%83%AC%E3%83%BC%E3%83%86%E3%82%A3%E3%83%B3%E3%82%B0%E3%80%8CZ%E3%80%8D%E3%80%91/dp/B07F763RL2/ref=zg_bs_videogames_94/355-9924533-1951168?_encoding=UTF8&psc=1&refRID=7QZKN4Q2N5S23ER5N7ZY
ゲーム,95.,デビル メイ クライ 5 - PS4,￥ 3077,カプコン,https://www.amazon.co.jp/%E3%83%87%E3%83%93%E3%83%AB-%E3%83%A1%E3%82%A4-%E3%82%AF%E3%83%A9%E3%82%A4-5-PS4/dp/B07HCSX8RK/ref=zg_bs_videogames_95/355-9924533-1951168?_encoding=UTF8&psc=1&refRID=7QZKN4Q2N5S23ER5N7ZY
ゲーム,96.,レインボーシックス シージ デラックスエディション - PS4,￥ 4980,ユービーアイ ソフト,https://www.amazon.co.jp/%E3%83%A6%E3%83%BC%E3%83%93%E3%83%BC%E3%82%A2%E3%82%A4-%E3%82%BD%E3%83%95%E3%83%88-%E3%83%AC%E3%82%A4%E3%83%B3%E3%83%9C%E3%83%BC%E3%82%B7%E3%83%83%E3%82%AF%E3%82%B9-%E3%82%B7%E3%83%BC%E3%82%B8-%E3%83%87%E3%83%A9%E3%83%83%E3%82%AF%E3%82%B9%E3%82%A8%E3%83%87%E3%82%A3%E3%82%B7%E3%83%A7%E3%83%B3/dp/B07NQN2MG9/ref=zg_bs_videogames_96/355-9924533-1951168?_encoding=UTF8&psc=1&refRID=7QZKN4Q2N5S23ER5N7ZY
ゲーム,97.,ポケットモンスター Let's Go! イーブイ- Switch,￥ 5510,任天堂,https://www.amazon.co.jp/%E3%83%9D%E3%82%B1%E3%83%83%E3%83%88%E3%83%A2%E3%83%B3%E3%82%B9%E3%82%BF%E3%83%BC-Lets-Go-%E3%82%A4%E3%83%BC%E3%83%96%E3%82%A4-Switch/dp/B07FDN3YFJ/ref=zg_bs_videogames_97/355-9924533-1951168?_encoding=UTF8&psc=1&refRID=7QZKN4Q2N5S23ER5N7ZY
ゲーム,98.,ファイナルファンタジー X/X-2 HD Remaster - PS4,￥ 24624,スクウェア・エニックス,https://www.amazon.co.jp/%E3%83%95%E3%82%A1%E3%82%A4%E3%83%8A%E3%83%AB%E3%83%95%E3%82%A1%E3%83%B3%E3%82%BF%E3%82%B8%E3%83%BC-X-2-HD-Remaster-PS4/dp/B00U78SOTY/ref=zg_bs_videogames_98/355-9924533-1951168?_encoding=UTF8&psc=1&refRID=7QZKN4Q2N5S23ER5N7ZY
ゲーム,99.,【正規輸入品】Oculus Go (オキュラスゴー) - 32 GB,￥ 7300,Oculus,https://www.amazon.co.jp/%E3%80%90%E6%AD%A3%E8%A6%8F%E8%BC%B8%E5%85%A5%E5%93%81%E3%80%91Oculus-Go-%E3%82%AA%E3%82%AD%E3%83%A5%E3%83%A9%E3%82%B9%E3%82%B4%E3%83%BC-32-GB/dp/B07KM843PN/ref=zg_bs_videogames_99/355-9924533-1951168?_encoding=UTF8&psc=1&refRID=7QZKN4Q2N5S23ER5N7ZY
ゲーム,100.,PlayStation Move モーションコントローラー ( CECH-ZCM2J ),￥ 5405,ソニー・インタラクティブエンタテインメント,https://www.amazon.co.jp/%E3%82%BD%E3%83%8B%E3%83%BC%E3%83%BB%E3%82%A4%E3%83%B3%E3%82%BF%E3%83%A9%E3%82%AF%E3%83%86%E3%82%A3%E3%83%96%E3%82%A8%E3%83%B3%E3%82%BF%E3%83%86%E3%82%A4%E3%83%B3%E3%83%A1%E3%83%B3%E3%83%88-PlayStation-Move-%E3%83%A2%E3%83%BC%E3%82%B7%E3%83%A7%E3%83%B3%E3%82%B3%E3%83%B3%E3%83%88%E3%83%AD%E3%83%BC%E3%83%A9%E3%83%BC/dp/B0777KZJLY/ref=zg_bs_videogames_100/355-9924533-1951168?_encoding=UTF8&psc=1&refRID=7QZKN4Q2N5S23ER5N7ZY
本,1.,中学歴史 平成30年度文部科学省検定不合格教科書,￥ 5013,竹田恒泰,https://www.amazon.co.jp/%E4%B8%AD%E5%AD%A6%E6%AD%B4%E5%8F%B2-%E5%B9%B3%E6%88%9030%E5%B9%B4%E5%BA%A6%E6%96%87%E9%83%A8%E7%A7%91%E5%AD%A6%E7%9C%81%E6%A4%9C%E5%AE%9A%E4%B8%8D%E5%90%88%E6%A0%BC%E6%95%99%E7%A7%91%E6%9B%B8-%E7%AB%B9%E7%94%B0%E6%81%92%E6%B3%B0/dp/B07QMK57YC/ref=zg_bs_books_1/356-1459450-9366225?_encoding=UTF8&psc=1&refRID=NR4XECW84VYQT9KAGRRH
本,2.,GRANBLUE FANTASY グランブルーファンタジー GRAPHIC ARCHIVE V,￥ 4320,ポストメディア編集部,https://www.amazon.co.jp/GRANBLUE-FANTASY-%E3%82%B0%E3%83%A9%E3%83%B3%E3%83%96%E3%83%AB%E3%83%BC%E3%83%95%E3%82%A1%E3%83%B3%E3%82%BF%E3%82%B8%E3%83%BC-GRAPHIC-ARCHIVE/dp/4758016437/ref=zg_bs_books_2/356-1459450-9366225?_encoding=UTF8&psc=1&refRID=NR4XECW84VYQT9KAGRRH
本,3.,GRANBLUE FANTASY グランブルーファンタジー GRAPHIC ARCHIVE V EXTRA WORKS,￥ 3240,ポストメディア編集部,https://www.amazon.co.jp/GRANBLUE-FANTASY-%E3%82%B0%E3%83%A9%E3%83%B3%E3%83%96%E3%83%AB%E3%83%BC%E3%83%95%E3%82%A1%E3%83%B3%E3%82%BF%E3%82%B8%E3%83%BC-GRAPHIC-ARCHIVE/dp/4758016445/ref=zg_bs_books_3/356-1459450-9366225?_encoding=UTF8&psc=1&refRID=NR4XECW84VYQT9KAGRRH
本,4.,キン肉マン「超人」初回限定ケース版 (学研の図鑑),￥ 3564,ゆでたまご,https://www.amazon.co.jp/%E3%82%AD%E3%83%B3%E8%82%89%E3%83%9E%E3%83%B3%E3%80%8C%E8%B6%85%E4%BA%BA%E3%80%8D%E5%88%9D%E5%9B%9E%E9%99%90%E5%AE%9A%E3%82%B1%E3%83%BC%E3%82%B9%E7%89%88-%E5%AD%A6%E7%A0%94%E3%81%AE%E5%9B%B3%E9%91%91-%E3%82%86%E3%81%A7%E3%81%9F%E3%81%BE%E3%81%94/dp/4054067131/ref=zg_bs_books_4/356-1459450-9366225?_encoding=UTF8&psc=1&refRID=NR4XECW84VYQT9KAGRRH
本,5.,【数量限定】経済で読み解く日本史 文庫版5巻セット,￥ 3499,上念 司,https://www.amazon.co.jp/%E3%80%90%E6%95%B0%E9%87%8F%E9%99%90%E5%AE%9A%E3%80%91%E7%B5%8C%E6%B8%88%E3%81%A7%E8%AA%AD%E3%81%BF%E8%A7%A3%E3%81%8F%E6%97%A5%E6%9C%AC%E5%8F%B2-%E6%96%87%E5%BA%AB%E7%89%885%E5%B7%BB%E3%82%BB%E3%83%83%E3%83%88-%E4%B8%8A%E5%BF%B5-%E5%8F%B8/dp/4864106959/ref=zg_bs_books_5/356-1459450-9366225?_encoding=UTF8&psc=1&refRID=NR4XECW84VYQT9KAGRRH
本,6.,心理学的経営 個をあるがままに生かす,￥ 1944,大沢 武志,https://www.amazon.co.jp/%E5%BF%83%E7%90%86%E5%AD%A6%E7%9A%84%E7%B5%8C%E5%96%B6-%E5%80%8B%E3%82%92%E3%81%82%E3%82%8B%E3%81%8C%E3%81%BE%E3%81%BE%E3%81%AB%E7%94%9F%E3%81%8B%E3%81%99-%E5%A4%A7%E6%B2%A2-%E6%AD%A6%E5%BF%97/dp/B07S28Y8S6/ref=zg_bs_books_6/356-1459450-9366225?_encoding=UTF8&psc=1&refRID=NR4XECW84VYQT9KAGRRH
本,7.,友情2 平尾誠二を忘れない,￥ 1512,山中 伸弥,https://www.amazon.co.jp/%E5%8F%8B%E6%83%852-%E5%B9%B3%E5%B0%BE%E8%AA%A0%E4%BA%8C%E3%82%92%E5%BF%98%E3%82%8C%E3%81%AA%E3%81%84-%E5%B1%B1%E4%B8%AD-%E4%BC%B8%E5%BC%A5/dp/4065161444/ref=zg_bs_books_7/356-1459450-9366225?_encoding=UTF8&psc=1&refRID=NR4XECW84VYQT9KAGRRH
本,8.,池田エライザ ファースト写真集 pinturita,￥ 2376,池田 エライザ,https://www.amazon.co.jp/%E6%B1%A0%E7%94%B0%E3%82%A8%E3%83%A9%E3%82%A4%E3%82%B6-%E3%83%95%E3%82%A1%E3%83%BC%E3%82%B9%E3%83%88%E5%86%99%E7%9C%9F%E9%9B%86-pinturita-%E6%B1%A0%E7%94%B0-%E3%82%A8%E3%83%A9%E3%82%A4%E3%82%B6/dp/4087808661/ref=zg_bs_books_8/356-1459450-9366225?_encoding=UTF8&psc=1&refRID=NR4XECW84VYQT9KAGRRH
本,9.,新・魔法のコンパス (角川文庫),￥ 713,西野 亮廣,https://www.amazon.co.jp/%E6%96%B0%E3%83%BB%E9%AD%94%E6%B3%95%E3%81%AE%E3%82%B3%E3%83%B3%E3%83%91%E3%82%B9-%E8%A7%92%E5%B7%9D%E6%96%87%E5%BA%AB-%E8%A5%BF%E9%87%8E-%E4%BA%AE%E5%BB%A3/dp/4048964550/ref=zg_bs_books_9/356-1459450-9366225?_encoding=UTF8&psc=1&refRID=NR4XECW84VYQT9KAGRRH
本,10.,50歳を過ぎても体脂肪率10%の名医が教える 内臓脂肪を落とす最強メソッド,￥ 1404,ナガノ,https://www.amazon.co.jp/50%E6%AD%B3%E3%82%92%E9%81%8E%E3%81%8E%E3%81%A6%E3%82%82%E4%BD%93%E8%84%82%E8%82%AA%E7%8E%8710-%E3%81%AE%E5%90%8D%E5%8C%BB%E3%81%8C%E6%95%99%E3%81%88%E3%82%8B-%E5%86%85%E8%87%93%E8%84%82%E8%82%AA%E3%82%92%E8%90%BD%E3%81%A8%E3%81%99%E6%9C%80%E5%BC%B7%E3%83%A1%E3%82%BD%E3%83%83%E3%83%89-%E6%B1%A0%E8%B0%B7-%E6%95%8F%E9%83%8E/dp/4492046453/ref=zg_bs_books_10/356-1459450-9366225?_encoding=UTF8&psc=1&refRID=NR4XECW84VYQT9KAGRRH
本,11.,STAGE navi(ステージナビ) vol.32 ★表紙:横山裕 (NIKKO MOOK),￥ 1000,おぷうの きょうだい,https://www.amazon.co.jp/STAGE-navi-%E3%82%B9%E3%83%86%E3%83%BC%E3%82%B8%E3%83%8A%E3%83%93-vol-32-%E2%98%85%E8%A1%A8%E7%B4%99/dp/4819151975/ref=zg_bs_books_11/356-1459450-9366225?_encoding=UTF8&psc=1&refRID=NR4XECW84VYQT9KAGRRH
本,12.,自分ツッコミくま激ムズまちがいさがし,￥ 864,石原 さとみ,https://www.amazon.co.jp/%E8%87%AA%E5%88%86%E3%83%84%E3%83%83%E3%82%B3%E3%83%9F%E3%81%8F%E3%81%BE%E6%BF%80%E3%83%A0%E3%82%BA%E3%81%BE%E3%81%A1%E3%81%8C%E3%81%84%E3%81%95%E3%81%8C%E3%81%97-%E3%83%8A%E3%82%AC%E3%83%8E/dp/4537216964/ref=zg_bs_books_12/356-1459450-9366225?_encoding=UTF8&psc=1&refRID=NR4XECW84VYQT9KAGRRH
本,13.,俺、つしま 2,￥ 1080,髙橋洋一,https://www.amazon.co.jp/%E4%BF%BA%E3%80%81%E3%81%A4%E3%81%97%E3%81%BE-2-%E3%81%8A%E3%81%B7%E3%81%86%E3%81%AE-%E3%81%8D%E3%82%87%E3%81%86%E3%81%A0%E3%81%84/dp/4093886687/ref=zg_bs_books_13/356-1459450-9366225?_encoding=UTF8&psc=1&refRID=NR4XECW84VYQT9KAGRRH
本,14.,石原さとみ『encourage 特別版』,￥ 3348,講談社,https://www.amazon.co.jp/%E7%9F%B3%E5%8E%9F%E3%81%95%E3%81%A8%E3%81%BF%E3%80%8Eencourage-%E7%89%B9%E5%88%A5%E7%89%88%E3%80%8F-%E7%9F%B3%E5%8E%9F-%E3%81%95%E3%81%A8%E3%81%BF/dp/4800294142/ref=zg_bs_books_14/356-1459450-9366225?_encoding=UTF8&psc=1&refRID=NR4XECW84VYQT9KAGRRH
本,15.,正しい「未来予測」のための武器になる数学アタマのつくり方,￥ 1404,橋下徹,https://www.amazon.co.jp/%E6%AD%A3%E3%81%97%E3%81%84%E3%80%8C%E6%9C%AA%E6%9D%A5%E4%BA%88%E6%B8%AC%E3%80%8D%E3%81%AE%E3%81%9F%E3%82%81%E3%81%AE%E6%AD%A6%E5%99%A8%E3%81%AB%E3%81%AA%E3%82%8B%E6%95%B0%E5%AD%A6%E3%82%A2%E3%82%BF%E3%83%9E%E3%81%AE%E3%81%A4%E3%81%8F%E3%82%8A%E6%96%B9-%E9%AB%99%E6%A9%8B%E6%B4%8B%E4%B8%80/dp/4838730497/ref=zg_bs_books_15/356-1459450-9366225?_encoding=UTF8&psc=1&refRID=NR4XECW84VYQT9KAGRRH
本,16.,サザンオールスターズ公式データブック1978-2019,￥ 2700,遠藤 香代子,https://www.amazon.co.jp/%E3%82%B5%E3%82%B6%E3%83%B3%E3%82%AA%E3%83%BC%E3%83%AB%E3%82%B9%E3%82%BF%E3%83%BC%E3%82%BA%E5%85%AC%E5%BC%8F%E3%83%87%E3%83%BC%E3%82%BF%E3%83%96%E3%83%83%E3%82%AF1978-2019/dp/4845633612/ref=zg_bs_books_16/356-1459450-9366225?_encoding=UTF8&psc=1&refRID=NR4XECW84VYQT9KAGRRH
本,17.,公式ガイド&レシピ きのう何食べた? ~シロさんの簡単レシピ~,￥ 1512,ハンス・ロスリング,https://www.amazon.co.jp/%E5%85%AC%E5%BC%8F%E3%82%AC%E3%82%A4%E3%83%89-%E3%83%AC%E3%82%B7%E3%83%94-%E3%81%8D%E3%81%AE%E3%81%86%E4%BD%95%E9%A3%9F%E3%81%B9%E3%81%9F-%E3%82%B7%E3%83%AD%E3%81%95%E3%82%93%E3%81%AE%E7%B0%A1%E5%8D%98%E3%83%AC%E3%82%B7%E3%83%94-%E8%AC%9B%E8%AB%87%E7%A4%BE/dp/4065151325/ref=zg_bs_books_17/356-1459450-9366225?_encoding=UTF8&psc=1&refRID=NR4XECW84VYQT9KAGRRH
本,18.,実行力 結果を出す「仕組み」の作りかた (PHP新書),￥ 972,null,https://www.amazon.co.jp/%E5%AE%9F%E8%A1%8C%E5%8A%9B-%E7%B5%90%E6%9E%9C%E3%82%92%E5%87%BA%E3%81%99%E3%80%8C%E4%BB%95%E7%B5%84%E3%81%BF%E3%80%8D%E3%81%AE%E4%BD%9C%E3%82%8A%E3%81%8B%E3%81%9F-PHP%E6%96%B0%E6%9B%B8-%E6%A9%8B%E4%B8%8B%E5%BE%B9/dp/4569842976/ref=zg_bs_books_18/356-1459450-9366225?_encoding=UTF8&psc=1&refRID=NR4XECW84VYQT9KAGRRH
本,19.,魔法の漬けおきおかず (エイムック 3413),￥ 1080,null,https://www.amazon.co.jp/%E9%AD%94%E6%B3%95%E3%81%AE%E6%BC%AC%E3%81%91%E3%81%8A%E3%81%8D%E3%81%8A%E3%81%8B%E3%81%9A-%E3%82%A8%E3%82%A4%E3%83%A0%E3%83%83%E3%82%AF-3413-%E9%81%A0%E8%97%A4-%E9%A6%99%E4%BB%A3%E5%AD%90/dp/4777940519/ref=zg_bs_books_19/356-1459450-9366225?_encoding=UTF8&psc=1&refRID=NR4XECW84VYQT9KAGRRH
本,20.,FACTFULNESS(ファクトフルネス)　10の思い込みを乗り越え、データを基に世界を正しく見る習慣,￥ 1944,null,https://www.amazon.co.jp/FACTFULNESS-%E3%83%95%E3%82%A1%E3%82%AF%E3%83%88%E3%83%95%E3%83%AB%E3%83%8D%E3%82%B9-10%E3%81%AE%E6%80%9D%E3%81%84%E8%BE%BC%E3%81%BF%E3%82%92%E4%B9%97%E3%82%8A%E8%B6%8A%E3%81%88%E3%80%81%E3%83%87%E3%83%BC%E3%82%BF%E3%82%92%E5%9F%BA%E3%81%AB%E4%B8%96%E7%95%8C%E3%82%92%E6%AD%A3%E3%81%97%E3%81%8F%E8%A6%8B%E3%82%8B%E7%BF%92%E6%85%A3-%E3%83%8F%E3%83%B3%E3%82%B9%E3%83%BB%E3%83%AD%E3%82%B9%E3%83%AA%E3%83%B3%E3%82%B0/dp/4822289605/ref=zg_bs_books_20/356-1459450-9366225?_encoding=UTF8&psc=1&refRID=NR4XECW84VYQT9KAGRRH
本,21.,ようこそ実力至上主義の教室へ11 (MF文庫J),￥ 691,衣笠彰梧,https://www.amazon.co.jp/%E3%82%88%E3%81%86%E3%81%93%E3%81%9D%E5%AE%9F%E5%8A%9B%E8%87%B3%E4%B8%8A%E4%B8%BB%E7%BE%A9%E3%81%AE%E6%95%99%E5%AE%A4%E3%81%B811-MF%E6%96%87%E5%BA%ABJ-%E8%A1%A3%E7%AC%A0%E5%BD%B0%E6%A2%A7/dp/404065739X/ref=zg_bs_books_21/357-1653668-3834706?_encoding=UTF8&psc=1&refRID=YY54NJ6RWACRA3FHCBY9
本,22.,魔法科高校の劣等生(29) 追跡編<下> (電撃文庫),￥ 680,佐島 勤,https://www.amazon.co.jp/%E9%AD%94%E6%B3%95%E7%A7%91%E9%AB%98%E6%A0%A1%E3%81%AE%E5%8A%A3%E7%AD%89%E7%94%9F-29-%E8%BF%BD%E8%B7%A1%E7%B7%A8-%E4%B8%8B-%E9%9B%BB%E6%92%83%E6%96%87%E5%BA%AB/dp/4049125714/ref=zg_bs_books_22/357-1653668-3834706?_encoding=UTF8&psc=1&refRID=YY54NJ6RWACRA3FHCBY9
本,23.,忙しい人専用 「つくりおき食堂」の即完成レシピ (扶桑社ムック),￥ 1404,若菜 まりえ,https://www.amazon.co.jp/%E5%BF%99%E3%81%97%E3%81%84%E4%BA%BA%E5%B0%82%E7%94%A8-%E3%80%8C%E3%81%A4%E3%81%8F%E3%82%8A%E3%81%8A%E3%81%8D%E9%A3%9F%E5%A0%82%E3%80%8D%E3%81%AE%E5%8D%B3%E5%AE%8C%E6%88%90%E3%83%AC%E3%82%B7%E3%83%94-%E6%89%B6%E6%A1%91%E7%A4%BE%E3%83%A0%E3%83%83%E3%82%AF-%E8%8B%A5%E8%8F%9C-%E3%81%BE%E3%82%8A%E3%81%88/dp/4594614183/ref=zg_bs_books_23/357-1653668-3834706?_encoding=UTF8&psc=1&refRID=YY54NJ6RWACRA3FHCBY9
本,24.,横田真悠スタイルブック「#まゆうだけ」 (集英社ムック),￥ 1000,横田真悠,https://www.amazon.co.jp/dp/4081022917/ref=zg_bs_books_24/357-1653668-3834706?_encoding=UTF8&psc=1&refRID=YY54NJ6RWACRA3FHCBY9
本,25.,新聞という病 (産経セレクト),￥ 950,門田 隆将,https://www.amazon.co.jp/%E6%96%B0%E8%81%9E%E3%81%A8%E3%81%84%E3%81%86%E7%97%85-%E7%94%A3%E7%B5%8C%E3%82%BB%E3%83%AC%E3%82%AF%E3%83%88-%E9%96%80%E7%94%B0-%E9%9A%86%E5%B0%86/dp/4819113674/ref=zg_bs_books_25/357-1653668-3834706?_encoding=UTF8&psc=1&refRID=YY54NJ6RWACRA3FHCBY9
本,26.,【Amazon.co.jp 限定】【Amazon.co.jp限定表紙&限定特典/生写真付き】TVガイドVOICE STARS vol.10 Amazon限定表紙版,￥ 1296,本島 彩帆里,https://www.amazon.co.jp/%E3%80%90Amazon-co-jp-%E9%99%90%E5%AE%9A%E3%80%91%E3%80%90Amazon-co-jp%E9%99%90%E5%AE%9A%E8%A1%A8%E7%B4%99-%E7%94%9F%E5%86%99%E7%9C%9F%E4%BB%98%E3%81%8D%E3%80%91TV%E3%82%AC%E3%82%A4%E3%83%89VOICE-vol-10-Amazon%E9%99%90%E5%AE%9A%E8%A1%A8%E7%B4%99%E7%89%88/dp/4863369433/ref=zg_bs_books_26/357-1653668-3834706?_encoding=UTF8&psc=1&refRID=YY54NJ6RWACRA3FHCBY9
本,27.,しぼり棒 スポーティーグレー 筋肉と脂肪の攻め方10通り! (角川SSCムック),￥ 1598,高木 琢也,https://www.amazon.co.jp/%E3%81%97%E3%81%BC%E3%82%8A%E6%A3%92-%E3%82%B9%E3%83%9D%E3%83%BC%E3%83%86%E3%82%A3%E3%83%BC%E3%82%B0%E3%83%AC%E3%83%BC-%E7%AD%8B%E8%82%89%E3%81%A8%E8%84%82%E8%82%AA%E3%81%AE%E6%94%BB%E3%82%81%E6%96%B910%E9%80%9A%E3%82%8A-%E8%A7%92%E5%B7%9DSSC%E3%83%A0%E3%83%83%E3%82%AF-%E5%BD%A9%E5%B8%86%E9%87%8C/dp/4048965255/ref=zg_bs_books_27/357-1653668-3834706?_encoding=UTF8&psc=1&refRID=YY54NJ6RWACRA3FHCBY9
本,28.,TOEIC L & R TEST 出る単特急 金のフレーズ (TOEIC TEST 特急シリーズ),￥ 961,森田 愛子,https://www.amazon.co.jp/TOEIC-TEST-%E5%87%BA%E3%82%8B%E5%8D%98%E7%89%B9%E6%80%A5-%E9%87%91%E3%81%AE%E3%83%95%E3%83%AC%E3%83%BC%E3%82%BA-%E7%89%B9%E6%80%A5%E3%82%B7%E3%83%AA%E3%83%BC%E3%82%BA/dp/4023315680/ref=zg_bs_books_28/357-1653668-3834706?_encoding=UTF8&psc=1&refRID=YY54NJ6RWACRA3FHCBY9
本,29.,妻のトリセツ (講談社+α新書),￥ 864,幡野 広志,https://www.amazon.co.jp/%E5%A6%BB%E3%81%AE%E3%83%88%E3%83%AA%E3%82%BB%E3%83%84-%E8%AC%9B%E8%AB%87%E7%A4%BE-%CE%B1%E6%96%B0%E6%9B%B8-%E9%BB%92%E5%B7%9D-%E4%BC%8A%E4%BF%9D%E5%AD%90/dp/4065133394/ref=zg_bs_books_29/357-1653668-3834706?_encoding=UTF8&psc=1&refRID=YY54NJ6RWACRA3FHCBY9
本,30.,友情 平尾誠二と山中伸弥「最後の一年」,￥ 1404,岸 惠子,https://www.amazon.co.jp/%E5%8F%8B%E6%83%85-%E5%B9%B3%E5%B0%BE%E8%AA%A0%E4%BA%8C%E3%81%A8%E5%B1%B1%E4%B8%AD%E4%BC%B8%E5%BC%A5%E3%80%8C%E6%9C%80%E5%BE%8C%E3%81%AE%E4%B8%80%E5%B9%B4%E3%80%8D-%E5%B1%B1%E4%B8%AD-%E4%BC%B8%E5%BC%A5/dp/406220827X/ref=zg_bs_books_30/357-1653668-3834706?_encoding=UTF8&psc=1&refRID=YY54NJ6RWACRA3FHCBY9
本,31.,這いつくばった奴が生き残る時代 道あけてもらっていーすか?,￥ 2283,山本 ゆり,https://www.amazon.co.jp/%E9%80%99%E3%81%84%E3%81%A4%E3%81%8F%E3%81%B0%E3%81%A3%E3%81%9F%E5%A5%B4%E3%81%8C%E7%94%9F%E3%81%8D%E6%AE%8B%E3%82%8B%E6%99%82%E4%BB%A3-%E9%81%93%E3%81%82%E3%81%91%E3%81%A6%E3%82%82%E3%82%89%E3%81%A3%E3%81%A6%E3%81%84%E3%83%BC%E3%81%99%E3%81%8B-%E9%AB%98%E6%9C%A8-%E7%90%A2%E4%B9%9F/dp/4800294673/ref=zg_bs_books_31/357-1653668-3834706?_encoding=UTF8&psc=1&refRID=YY54NJ6RWACRA3FHCBY9
本,32.,奇跡の3日腹ペタ - 不調が消える! 体がコンパクトに! - (美人開花シリーズ),￥ 1296,アンジュルム,https://www.amazon.co.jp/%E5%A5%87%E8%B7%A1%E3%81%AE3%E6%97%A5%E8%85%B9%E3%83%9A%E3%82%BF-%E4%BD%93%E3%81%8C%E3%82%B3%E3%83%B3%E3%83%91%E3%82%AF%E3%83%88%E3%81%AB-%E7%BE%8E%E4%BA%BA%E9%96%8B%E8%8A%B1%E3%82%B7%E3%83%AA%E3%83%BC%E3%82%BA-%E6%A3%AE%E7%94%B0-%E6%84%9B%E5%AD%90/dp/4847095472/ref=zg_bs_books_32/357-1653668-3834706?_encoding=UTF8&psc=1&refRID=YY54NJ6RWACRA3FHCBY9
本,33.,嫌われる勇気―――自己啓発の源流「アドラー」の教え,￥ 1620,Keiko,https://www.amazon.co.jp/%E5%AB%8C%E3%82%8F%E3%82%8C%E3%82%8B%E5%8B%87%E6%B0%97%E2%80%95%E2%80%95%E2%80%95%E8%87%AA%E5%B7%B1%E5%95%93%E7%99%BA%E3%81%AE%E6%BA%90%E6%B5%81%E3%80%8C%E3%82%A2%E3%83%89%E3%83%A9%E3%83%BC%E3%80%8D%E3%81%AE%E6%95%99%E3%81%88-%E5%B2%B8%E8%A6%8B-%E4%B8%80%E9%83%8E/dp/4478025819/ref=zg_bs_books_33/357-1653668-3834706?_encoding=UTF8&psc=1&refRID=YY54NJ6RWACRA3FHCBY9
本,34.,ぼくたちが選べなかったことを、選びなおすために。,￥ 1620,ミナミAアシュタール,https://www.amazon.co.jp/%E3%81%BC%E3%81%8F%E3%81%9F%E3%81%A1%E3%81%8C%E9%81%B8%E3%81%B9%E3%81%AA%E3%81%8B%E3%81%A3%E3%81%9F%E3%81%93%E3%81%A8%E3%82%92%E3%80%81%E9%81%B8%E3%81%B3%E3%81%AA%E3%81%8A%E3%81%99%E3%81%9F%E3%82%81%E3%81%AB%E3%80%82-%E5%B9%A1%E9%87%8E-%E5%BA%83%E5%BF%97/dp/4591161005/ref=zg_bs_books_34/357-1653668-3834706?_encoding=UTF8&psc=1&refRID=YY54NJ6RWACRA3FHCBY9
本,35.,孤独という道づれ,￥ 1512,null,https://www.amazon.co.jp/%E5%AD%A4%E7%8B%AC%E3%81%A8%E3%81%84%E3%81%86%E9%81%93%E3%81%A5%E3%82%8C-%E5%B2%B8-%E6%83%A0%E5%AD%90/dp/4344034619/ref=zg_bs_books_35/357-1653668-3834706?_encoding=UTF8&psc=1&refRID=YY54NJ6RWACRA3FHCBY9
本,36.,syunkonカフェごはん レンジでもっと! 絶品レシピ (e-MOOK),￥ 1091,null,https://www.amazon.co.jp/syunkon%E3%82%AB%E3%83%95%E3%82%A7%E3%81%94%E3%81%AF%E3%82%93-%E3%83%AC%E3%83%B3%E3%82%B8%E3%81%A7%E3%82%82%E3%81%A3%E3%81%A8-%E7%B5%B6%E5%93%81%E3%83%AC%E3%82%B7%E3%83%94-MOOK-%E5%B1%B1%E6%9C%AC/dp/4800293545/ref=zg_bs_books_36/357-1653668-3834706?_encoding=UTF8&psc=1&refRID=YY54NJ6RWACRA3FHCBY9
本,37.,アンジュルムック,￥ 2700,null,https://www.amazon.co.jp/%E3%82%A2%E3%83%B3%E3%82%B8%E3%83%A5%E3%83%AB%E3%83%A0%E3%83%83%E3%82%AF-%E3%82%A2%E3%83%B3%E3%82%B8%E3%83%A5%E3%83%AB%E3%83%A0/dp/4087880206/ref=zg_bs_books_37/357-1653668-3834706?_encoding=UTF8&psc=1&refRID=YY54NJ6RWACRA3FHCBY9
本,38.,「足りない運」は旅でとる! Keiko的 新月旅・満月旅 (単行本),￥ 1620,null,https://www.amazon.co.jp/%E3%80%8C%E8%B6%B3%E3%82%8A%E3%81%AA%E3%81%84%E9%81%8B%E3%80%8D%E3%81%AF%E6%97%85%E3%81%A7%E3%81%A8%E3%82%8B-Keiko%E7%9A%84-%E6%96%B0%E6%9C%88%E6%97%85%E3%83%BB%E6%BA%80%E6%9C%88%E6%97%85-%E5%8D%98%E8%A1%8C%E6%9C%AC-Keiko/dp/4533133908/ref=zg_bs_books_38/357-1653668-3834706?_encoding=UTF8&psc=1&refRID=YY54NJ6RWACRA3FHCBY9
本,39.,生きているのはなぜだろう。 (ほぼにちの絵本),￥ 1836,null,https://www.amazon.co.jp/%E7%94%9F%E3%81%8D%E3%81%A6%E3%81%84%E3%82%8B%E3%81%AE%E3%81%AF%E3%81%AA%E3%81%9C%E3%81%A0%E3%82%8D%E3%81%86%E3%80%82-%E3%81%BB%E3%81%BC%E3%81%AB%E3%81%A1%E3%81%AE%E7%B5%B5%E6%9C%AC-%E6%B1%A0%E8%B0%B7-%E8%A3%95%E4%BA%8C/dp/4865013806/ref=zg_bs_books_39/357-1653668-3834706?_encoding=UTF8&psc=1&refRID=YY54NJ6RWACRA3FHCBY9
本,40.,新・日本列島から日本人が消える日(上巻),￥ 1620,null,https://www.amazon.co.jp/%E6%96%B0%E3%83%BB%E6%97%A5%E6%9C%AC%E5%88%97%E5%B3%B6%E3%81%8B%E3%82%89%E6%97%A5%E6%9C%AC%E4%BA%BA%E3%81%8C%E6%B6%88%E3%81%88%E3%82%8B%E6%97%A5-%E4%B8%8A%E5%B7%BB-%E3%83%9F%E3%83%8A%E3%83%9FA%E3%82%A2%E3%82%B7%E3%83%A5%E3%82%BF%E3%83%BC%E3%83%AB/dp/4910000003/ref=zg_bs_books_40/357-1653668-3834706?_encoding=UTF8&psc=1&refRID=YY54NJ6RWACRA3FHCBY9
本,41.,新・日本列島から日本人が消える日(下巻),￥ 1620,ミナミAアシュタール,https://www.amazon.co.jp/%E6%96%B0%E3%83%BB%E6%97%A5%E6%9C%AC%E5%88%97%E5%B3%B6%E3%81%8B%E3%82%89%E6%97%A5%E6%9C%AC%E4%BA%BA%E3%81%8C%E6%B6%88%E3%81%88%E3%82%8B%E6%97%A5-%E4%B8%8B%E5%B7%BB-%E3%83%9F%E3%83%8A%E3%83%9FA%E3%82%A2%E3%82%B7%E3%83%A5%E3%82%BF%E3%83%BC%E3%83%AB/dp/4910000011/ref=zg_bs_books_41/355-6652511-9629636?_encoding=UTF8&psc=1&refRID=VV93E54RGERD1MNJ2F5H
本,42.,日本国紀,￥ 1944,Educational Testing,https://www.amazon.co.jp/%E6%97%A5%E6%9C%AC%E5%9B%BD%E7%B4%80-%E7%99%BE%E7%94%B0-%E5%B0%9A%E6%A8%B9/dp/434403385X/ref=zg_bs_books_42/355-6652511-9629636?_encoding=UTF8&psc=1&refRID=VV93E54RGERD1MNJ2F5H
本,43.,公式 TOEIC Listening & Reading 問題集 4,￥ 3024,森岡 毅,https://www.amazon.co.jp/%E5%85%AC%E5%BC%8F-TOEIC-Listening-Reading-%E5%95%8F%E9%A1%8C%E9%9B%86/dp/4906033547/ref=zg_bs_books_43/355-6652511-9629636?_encoding=UTF8&psc=1&refRID=VV93E54RGERD1MNJ2F5H
本,44.,腐女医の医者道! (メディアファクトリーのコミックエッセイ),￥ 1080,ヤニス・バルファキス,https://www.amazon.co.jp/%E8%85%90%E5%A5%B3%E5%8C%BB%E3%81%AE%E5%8C%BB%E8%80%85%E9%81%93-%E3%83%A1%E3%83%87%E3%82%A3%E3%82%A2%E3%83%95%E3%82%A1%E3%82%AF%E3%83%88%E3%83%AA%E3%83%BC%E3%81%AE%E3%82%B3%E3%83%9F%E3%83%83%E3%82%AF%E3%82%A8%E3%83%83%E3%82%BB%E3%82%A4-%E3%81%95%E3%83%BC%E3%81%9F%E3%82%8A/dp/4040681762/ref=zg_bs_books_44/355-6652511-9629636?_encoding=UTF8&psc=1&refRID=VV93E54RGERD1MNJ2F5H
本,45.,さあ、才能(じぶん)に目覚めよう 新版 ストレングス・ファインダー2.0,￥ 1944,佐伯 泰英,https://www.amazon.co.jp/%E3%81%95%E3%81%82%E3%80%81%E6%89%8D%E8%83%BD-%E3%81%98%E3%81%B6%E3%82%93-%E3%81%AB%E7%9B%AE%E8%A6%9A%E3%82%81%E3%82%88%E3%81%86-%E6%96%B0%E7%89%88-%E3%82%B9%E3%83%88%E3%83%AC%E3%83%B3%E3%82%B0%E3%82%B9%E3%83%BB%E3%83%95%E3%82%A1%E3%82%A4%E3%83%B3%E3%83%80%E3%83%BC2-0/dp/4532321433/ref=zg_bs_books_45/355-6652511-9629636?_encoding=UTF8&psc=1&refRID=VV93E54RGERD1MNJ2F5H
本,46.,苦しかったときの話をしようか ビジネスマンの父が我が子のために書きためた「働くことの本質」,￥ 1620,押山 清高,https://www.amazon.co.jp/%E8%8B%A6%E3%81%97%E3%81%8B%E3%81%A3%E3%81%9F%E3%81%A8%E3%81%8D%E3%81%AE%E8%A9%B1%E3%82%92%E3%81%97%E3%82%88%E3%81%86%E3%81%8B-%E3%83%93%E3%82%B8%E3%83%8D%E3%82%B9%E3%83%9E%E3%83%B3%E3%81%AE%E7%88%B6%E3%81%8C%E6%88%91%E3%81%8C%E5%AD%90%E3%81%AE%E3%81%9F%E3%82%81%E3%81%AB%E6%9B%B8%E3%81%8D%E3%81%9F%E3%82%81%E3%81%9F%E3%80%8C%E5%83%8D%E3%81%8F%E3%81%93%E3%81%A8%E3%81%AE%E6%9C%AC%E8%B3%AA%E3%80%8D-%E6%A3%AE%E5%B2%A1-%E6%AF%85/dp/4478107823/ref=zg_bs_books_46/355-6652511-9629636?_encoding=UTF8&psc=1&refRID=VV93E54RGERD1MNJ2F5H
本,47.,spoon.2Di vol.50,￥ 1290,藤井 保文,https://www.amazon.co.jp/spoon-2Di-vol-50/dp/4048983334/ref=zg_bs_books_47/355-6652511-9629636?_encoding=UTF8&psc=1&refRID=VV93E54RGERD1MNJ2F5H
本,48.,父が娘に語る 美しく、深く、壮大で、とんでもなくわかりやすい経済の話。,￥ 1620,鎌田 浩毅,https://www.amazon.co.jp/%E7%88%B6%E3%81%8C%E5%A8%98%E3%81%AB%E8%AA%9E%E3%82%8B-%E7%BE%8E%E3%81%97%E3%81%8F%E3%80%81%E6%B7%B1%E3%81%8F%E3%80%81%E5%A3%AE%E5%A4%A7%E3%81%A7%E3%80%81%E3%81%A8%E3%82%93%E3%81%A7%E3%82%82%E3%81%AA%E3%81%8F%E3%82%8F%E3%81%8B%E3%82%8A%E3%82%84%E3%81%99%E3%81%84%E7%B5%8C%E6%B8%88%E3%81%AE%E8%A9%B1%E3%80%82-%E3%83%A4%E3%83%8B%E3%82%B9%E3%83%BB%E3%83%90%E3%83%AB%E3%83%95%E3%82%A1%E3%82%AD%E3%82%B9/dp/4478105510/ref=zg_bs_books_48/355-6652511-9629636?_encoding=UTF8&psc=1&refRID=VV93E54RGERD1MNJ2F5H
本,49.,一切なりゆき 樹木希林のことば (文春新書),￥ 864,大森 藤ノ,https://www.amazon.co.jp/%E4%B8%80%E5%88%87%E3%81%AA%E3%82%8A%E3%82%86%E3%81%8D-%E6%A8%B9%E6%9C%A8%E5%B8%8C%E6%9E%97%E3%81%AE%E3%81%93%E3%81%A8%E3%81%B0-%E6%96%87%E6%98%A5%E6%96%B0%E6%9B%B8-%E6%A8%B9%E6%9C%A8-%E5%B8%8C%E6%9E%97/dp/4166611941/ref=zg_bs_books_49/355-6652511-9629636?_encoding=UTF8&psc=1&refRID=VV93E54RGERD1MNJ2F5H
本,50.,世界のエリートが学んでいるMBA必読書50冊を1冊にまとめてみた,￥ 1814,ROLAND,https://www.amazon.co.jp/%E4%B8%96%E7%95%8C%E3%81%AE%E3%82%A8%E3%83%AA%E3%83%BC%E3%83%88%E3%81%8C%E5%AD%A6%E3%82%93%E3%81%A7%E3%81%84%E3%82%8BMBA%E5%BF%85%E8%AA%AD%E6%9B%B850%E5%86%8A%E3%82%921%E5%86%8A%E3%81%AB%E3%81%BE%E3%81%A8%E3%82%81%E3%81%A6%E3%81%BF%E3%81%9F-%E6%B0%B8%E4%BA%95%E5%AD%9D%E5%B0%9A/dp/404604053X/ref=zg_bs_books_50/355-6652511-9629636?_encoding=UTF8&psc=1&refRID=VV93E54RGERD1MNJ2F5H
本,51.,日の昇る国へ :新・古着屋総兵衛 第十八巻 (新潮文庫),￥ 724,null,https://www.amazon.co.jp/%E6%97%A5%E3%81%AE%E6%98%87%E3%82%8B%E5%9B%BD%E3%81%B8-%E6%96%B0%E3%83%BB%E5%8F%A4%E7%9D%80%E5%B1%8B%E7%B7%8F%E5%85%B5%E8%A1%9B-%E7%AC%AC%E5%8D%81%E5%85%AB%E5%B7%BB-%E4%BD%90%E4%BC%AF-%E6%B3%B0%E8%8B%B1/dp/4101380635/ref=zg_bs_books_51/355-6652511-9629636?_encoding=UTF8&psc=1&refRID=VV93E54RGERD1MNJ2F5H
本,52.,TVガイドAlpha EPISODE U (TVガイドMOOK 15号),￥ 1400,null,https://www.amazon.co.jp/TV%E3%82%AC%E3%82%A4%E3%83%89Alpha-EPISODE-U-TV%E3%82%AC%E3%82%A4%E3%83%89MOOK-15%E5%8F%B7/dp/4863369255/ref=zg_bs_books_52/355-6652511-9629636?_encoding=UTF8&psc=1&refRID=VV93E54RGERD1MNJ2F5H
本,53.,作画添削教室 神技作画シリーズ (KITORA 神技作画シリーズ),￥ 2160,null,https://www.amazon.co.jp/%E4%BD%9C%E7%94%BB%E6%B7%BB%E5%89%8A%E6%95%99%E5%AE%A4-%E7%A5%9E%E6%8A%80%E4%BD%9C%E7%94%BB%E3%82%B7%E3%83%AA%E3%83%BC%E3%82%BA-KITORA-%E6%8A%BC%E5%B1%B1-%E6%B8%85%E9%AB%98/dp/4046041633/ref=zg_bs_books_53/355-6652511-9629636?_encoding=UTF8&psc=1&refRID=VV93E54RGERD1MNJ2F5H
本,54.,腐女医の医者道! 外科医でオタクで、3人子育て大変だ!編 (メディアファクトリーのコミックエッセイ),￥ 1604,null,https://www.amazon.co.jp/%E8%85%90%E5%A5%B3%E5%8C%BB%E3%81%AE%E5%8C%BB%E8%80%85%E9%81%93-%E5%A4%96%E7%A7%91%E5%8C%BB%E3%81%A7%E3%82%AA%E3%82%BF%E3%82%AF%E3%81%A7%E3%80%813%E4%BA%BA%E5%AD%90%E8%82%B2%E3%81%A6%E5%A4%A7%E5%A4%89%E3%81%A0-%E7%B7%A8-%E3%83%A1%E3%83%87%E3%82%A3%E3%82%A2%E3%83%95%E3%82%A1%E3%82%AF%E3%83%88%E3%83%AA%E3%83%BC%E3%81%AE%E3%82%B3%E3%83%9F%E3%83%83%E3%82%AF%E3%82%A8%E3%83%83%E3%82%BB%E3%82%A4-%E3%81%95%E3%83%BC%E3%81%9F%E3%82%8A/dp/4040695410/ref=zg_bs_books_54/355-6652511-9629636?_encoding=UTF8&psc=1&refRID=VV93E54RGERD1MNJ2F5H
本,55.,「そる」だけでやせる 腹筋革命,￥ 1080,null,https://www.amazon.co.jp/%E3%80%8C%E3%81%9D%E3%82%8B%E3%80%8D%E3%81%A0%E3%81%91%E3%81%A7%E3%82%84%E3%81%9B%E3%82%8B-%E8%85%B9%E7%AD%8B%E9%9D%A9%E5%91%BD-%E4%B8%AD%E6%9D%91%E5%B0%9A%E4%BA%BA/dp/4864106835/ref=zg_bs_books_55/355-6652511-9629636?_encoding=UTF8&psc=1&refRID=VV93E54RGERD1MNJ2F5H
本,56.,アフターデジタル オフラインのない時代に生き残る,￥ 2376,null,https://www.amazon.co.jp/%E3%82%A2%E3%83%95%E3%82%BF%E3%83%BC%E3%83%87%E3%82%B8%E3%82%BF%E3%83%AB-%E3%82%AA%E3%83%95%E3%83%A9%E3%82%A4%E3%83%B3%E3%81%AE%E3%81%AA%E3%81%84%E6%99%82%E4%BB%A3%E3%81%AB%E7%94%9F%E3%81%8D%E6%AE%8B%E3%82%8B-%E8%97%A4%E4%BA%95-%E4%BF%9D%E6%96%87/dp/4296101625/ref=zg_bs_books_56/355-6652511-9629636?_encoding=UTF8&psc=1&refRID=VV93E54RGERD1MNJ2F5H
本,57.,富士山噴火と南海トラフ 海が揺さぶる陸のマグマ (ブルーバックス),￥ 1080,null,https://www.amazon.co.jp/%E5%AF%8C%E5%A3%AB%E5%B1%B1%E5%99%B4%E7%81%AB%E3%81%A8%E5%8D%97%E6%B5%B7%E3%83%88%E3%83%A9%E3%83%95-%E6%B5%B7%E3%81%8C%E6%8F%BA%E3%81%95%E3%81%B6%E3%82%8B%E9%99%B8%E3%81%AE%E3%83%9E%E3%82%B0%E3%83%9E-%E3%83%96%E3%83%AB%E3%83%BC%E3%83%90%E3%83%83%E3%82%AF%E3%82%B9-%E9%8E%8C%E7%94%B0-%E6%B5%A9%E6%AF%85/dp/406516043X/ref=zg_bs_books_57/355-6652511-9629636?_encoding=UTF8&psc=1&refRID=VV93E54RGERD1MNJ2F5H
本,58.,ダンジョンに出会いを求めるのは間違っているだろうか15 (GA文庫),￥ 691,null,https://www.amazon.co.jp/%E3%83%80%E3%83%B3%E3%82%B8%E3%83%A7%E3%83%B3%E3%81%AB%E5%87%BA%E4%BC%9A%E3%81%84%E3%82%92%E6%B1%82%E3%82%81%E3%82%8B%E3%81%AE%E3%81%AF%E9%96%93%E9%81%95%E3%81%A3%E3%81%A6%E3%81%84%E3%82%8B%E3%81%A0%E3%82%8D%E3%81%86%E3%81%8B15-GA%E6%96%87%E5%BA%AB-%E5%A4%A7%E6%A3%AE-%E8%97%A4%E3%83%8E/dp/4797396229/ref=zg_bs_books_58/355-6652511-9629636?_encoding=UTF8&psc=1&refRID=VV93E54RGERD1MNJ2F5H
本,59.,俺か、俺以外か。 ローランドという生き方,￥ 1512,null,https://www.amazon.co.jp/%E4%BF%BA%E3%81%8B%E3%80%81%E4%BF%BA%E4%BB%A5%E5%A4%96%E3%81%8B%E3%80%82-%E3%83%AD%E3%83%BC%E3%83%A9%E3%83%B3%E3%83%89%E3%81%A8%E3%81%84%E3%81%86%E7%94%9F%E3%81%8D%E6%96%B9-ROLAND/dp/4046041374/ref=zg_bs_books_59/355-6652511-9629636?_encoding=UTF8&psc=1&refRID=VV93E54RGERD1MNJ2F5H
本,60.,メモの魔力 The Magic of Memos (NewsPicks Book),￥ 1512,null,https://www.amazon.co.jp/%E3%83%A1%E3%83%A2%E3%81%AE%E9%AD%94%E5%8A%9B-Magic-Memos-NewsPicks-Book/dp/4344034082/ref=zg_bs_books_60/355-6652511-9629636?_encoding=UTF8&psc=1&refRID=VV93E54RGERD1MNJ2F5H
本,61.,孤独の意味も、女であることの味わいも,￥ 1404,三浦 瑠麗,https://www.amazon.co.jp/%E5%AD%A4%E7%8B%AC%E3%81%AE%E6%84%8F%E5%91%B3%E3%82%82%E3%80%81%E5%A5%B3%E3%81%A7%E3%81%82%E3%82%8B%E3%81%93%E3%81%A8%E3%81%AE%E5%91%B3%E3%82%8F%E3%81%84%E3%82%82-%E4%B8%89%E6%B5%A6-%E7%91%A0%E9%BA%97/dp/4103522526/ref=zg_bs_books_61/356-5566071-7818526?_encoding=UTF8&psc=1&refRID=V1GCHDHMGNE9WAKH1MZN
本,62.,直感と論理をつなぐ思考法 VISION DRIVEN,￥ 1728,及川圭哉,https://www.amazon.co.jp/%E7%9B%B4%E6%84%9F%E3%81%A8%E8%AB%96%E7%90%86%E3%82%92%E3%81%A4%E3%81%AA%E3%81%90%E6%80%9D%E8%80%83%E6%B3%95-VISION-DRIVEN-%E4%BD%90%E5%AE%97-%E9%82%A6%E5%A8%81/dp/4478102856/ref=zg_bs_books_62/356-5566071-7818526?_encoding=UTF8&psc=1&refRID=V1GCHDHMGNE9WAKH1MZN
本,63.,ガチ速FX 27分で256万を稼いだ“鬼デイトレ",￥ 1620,麻野 耕司,https://www.amazon.co.jp/%E3%82%AC%E3%83%81%E9%80%9FFX-27%E5%88%86%E3%81%A7256%E4%B8%87%E3%82%92%E7%A8%BC%E3%81%84%E3%81%A0%E2%80%9C%E9%AC%BC%E3%83%87%E3%82%A4%E3%83%88%E3%83%AC-%E5%8F%8A%E5%B7%9D%E5%9C%AD%E5%93%89/dp/4827211817/ref=zg_bs_books_63/356-5566071-7818526?_encoding=UTF8&psc=1&refRID=V1GCHDHMGNE9WAKH1MZN
本,64.,THE TEAM 5つの法則 (NewsPicks Book),￥ 1620,武藤 あずさ,https://www.amazon.co.jp/TEAM-5%E3%81%A4%E3%81%AE%E6%B3%95%E5%89%87-NewsPicks-Book/dp/4344034546/ref=zg_bs_books_64/356-5566071-7818526?_encoding=UTF8&psc=1&refRID=V1GCHDHMGNE9WAKH1MZN
本,65.,ありがとう。ママはもう大丈夫だよ ― 泣いて、泣いて、笑って笑った873日,￥ 1458,日之出出版,https://www.amazon.co.jp/%E3%81%82%E3%82%8A%E3%81%8C%E3%81%A8%E3%81%86%E3%80%82%E3%83%9E%E3%83%9E%E3%81%AF%E3%82%82%E3%81%86%E5%A4%A7%E4%B8%88%E5%A4%AB%E3%81%A0%E3%82%88-%E2%80%95-%E6%B3%A3%E3%81%84%E3%81%A6%E3%80%81%E6%B3%A3%E3%81%84%E3%81%A6%E3%80%81%E7%AC%91%E3%81%A3%E3%81%A6%E7%AC%91%E3%81%A3%E3%81%9F873%E6%97%A5-%E6%AD%A6%E8%97%A4-%E3%81%82%E3%81%9A%E3%81%95/dp/4909298045/ref=zg_bs_books_65/356-5566071-7818526?_encoding=UTF8&psc=1&refRID=V1GCHDHMGNE9WAKH1MZN
本,66.,学びを結果に変えるアウトプット大全 (Sanctuary books),￥ 1566,映島 巡,https://www.amazon.co.jp/%E5%AD%A6%E3%81%B3%E3%82%92%E7%B5%90%E6%9E%9C%E3%81%AB%E5%A4%89%E3%81%88%E3%82%8B%E3%82%A2%E3%82%A6%E3%83%88%E3%83%97%E3%83%83%E3%83%88%E5%A4%A7%E5%85%A8-Sanctuary-books-%E6%A8%BA%E6%B2%A2%E7%B4%AB%E8%8B%91/dp/4801400558/ref=zg_bs_books_66/356-5566071-7818526?_encoding=UTF8&psc=1&refRID=V1GCHDHMGNE9WAKH1MZN
本,67.,ダンススクエア vol.31 [COVER:屋良朝幸] (HINODE MOOK 549),￥ 950,kemio,https://www.amazon.co.jp/%E3%83%80%E3%83%B3%E3%82%B9%E3%82%B9%E3%82%AF%E3%82%A8%E3%82%A2-vol-31-COVER-%E5%B1%8B%E8%89%AF%E6%9C%9D%E5%B9%B8-HINODE/dp/4838792581/ref=zg_bs_books_67/356-5566071-7818526?_encoding=UTF8&psc=1&refRID=V1GCHDHMGNE9WAKH1MZN
本,68.,小説 FINAL FANTASY XV -The Dawn Of The Future- (GAME NOVELS),￥ 1620,桜井 識子,https://www.amazon.co.jp/FINAL-FANTASY-Dawn-Future-NOVELS/dp/4757561083/ref=zg_bs_books_68/356-5566071-7818526?_encoding=UTF8&psc=1&refRID=V1GCHDHMGNE9WAKH1MZN
本,69.,羆嵐 (新潮文庫),￥ 562,佐伯 泰英,https://www.amazon.co.jp/%E7%BE%86%E5%B5%90-%E6%96%B0%E6%BD%AE%E6%96%87%E5%BA%AB-%E5%90%89%E6%9D%91-%E6%98%AD/dp/4101117136/ref=zg_bs_books_69/356-5566071-7818526?_encoding=UTF8&psc=1&refRID=V1GCHDHMGNE9WAKH1MZN
本,70.,ウチら棺桶まで永遠のランウェイ,￥ 1296,ぼうご なつこ,https://www.amazon.co.jp/%E3%82%A6%E3%83%81%E3%82%89%E6%A3%BA%E6%A1%B6%E3%81%BE%E3%81%A7%E6%B0%B8%E9%81%A0%E3%81%AE%E3%83%A9%E3%83%B3%E3%82%A6%E3%82%A7%E3%82%A4-kemio/dp/4040657284/ref=zg_bs_books_70/356-5566071-7818526?_encoding=UTF8&psc=1&refRID=V1GCHDHMGNE9WAKH1MZN
本,71.,たった一人の分析から事業は成長する 実践 顧客起点マーケティング（MarkeZine BOOKS）,￥ 2160,山﨑 圭一,https://www.amazon.co.jp/%E3%81%9F%E3%81%A3%E3%81%9F%E4%B8%80%E4%BA%BA%E3%81%AE%E5%88%86%E6%9E%90%E3%81%8B%E3%82%89%E4%BA%8B%E6%A5%AD%E3%81%AF%E6%88%90%E9%95%B7%E3%81%99%E3%82%8B-%E5%AE%9F%E8%B7%B5-%E9%A1%A7%E5%AE%A2%E8%B5%B7%E7%82%B9%E3%83%9E%E3%83%BC%E3%82%B1%E3%83%86%E3%82%A3%E3%83%B3%E3%82%B0%EF%BC%88MarkeZine-BOOKS%EF%BC%89-%E8%A5%BF%E5%8F%A3/dp/4798160075/ref=zg_bs_books_71/356-5566071-7818526?_encoding=UTF8&psc=1&refRID=V1GCHDHMGNE9WAKH1MZN
本,72.,あなたにいま必要な神様が見つかる本 「ごりやく別」神社仏閣めぐり,￥ 1512,遠藤 香代子,https://www.amazon.co.jp/%E3%81%82%E3%81%AA%E3%81%9F%E3%81%AB%E3%81%84%E3%81%BE%E5%BF%85%E8%A6%81%E3%81%AA%E7%A5%9E%E6%A7%98%E3%81%8C%E8%A6%8B%E3%81%A4%E3%81%8B%E3%82%8B%E6%9C%AC-%E3%80%8C%E3%81%94%E3%82%8A%E3%82%84%E3%81%8F%E5%88%A5%E3%80%8D%E7%A5%9E%E7%A4%BE%E4%BB%8F%E9%96%A3%E3%82%81%E3%81%90%E3%82%8A-%E6%A1%9C%E4%BA%95-%E8%AD%98%E5%AD%90/dp/4569843190/ref=zg_bs_books_72/356-5566071-7818526?_encoding=UTF8&psc=1&refRID=V1GCHDHMGNE9WAKH1MZN
本,73.,旅仕舞 新・酔いどれ小籐次(十四) (文春文庫),￥ 788,らいかーると,https://www.amazon.co.jp/%E6%97%85%E4%BB%95%E8%88%9E-%E6%96%B0%E3%83%BB%E9%85%94%E3%81%84%E3%81%A9%E3%82%8C%E5%B0%8F%E7%B1%90%E6%AC%A1-%E5%8D%81%E5%9B%9B-%E6%96%87%E6%98%A5%E6%96%87%E5%BA%AB-%E4%BD%90%E4%BC%AF/dp/4167913062/ref=zg_bs_books_73/356-5566071-7818526?_encoding=UTF8&psc=1&refRID=V1GCHDHMGNE9WAKH1MZN
本,74.,「安倍晋三」大研究,￥ 1620,ライダー・キャロル,https://www.amazon.co.jp/%E3%80%8C%E5%AE%89%E5%80%8D%E6%99%8B%E4%B8%89%E3%80%8D%E5%A4%A7%E7%A0%94%E7%A9%B6-%E3%81%BC%E3%81%86%E3%81%94-%E3%81%AA%E3%81%A4%E3%81%93/dp/4584139059/ref=zg_bs_books_74/356-5566071-7818526?_encoding=UTF8&psc=1&refRID=V1GCHDHMGNE9WAKH1MZN
本,75.,一度読んだら絶対に忘れない世界史の教科書 公立高校教師YouTuberが書いた,￥ 1620,null,https://www.amazon.co.jp/%E4%B8%80%E5%BA%A6%E8%AA%AD%E3%82%93%E3%81%A0%E3%82%89%E7%B5%B6%E5%AF%BE%E3%81%AB%E5%BF%98%E3%82%8C%E3%81%AA%E3%81%84%E4%B8%96%E7%95%8C%E5%8F%B2%E3%81%AE%E6%95%99%E7%A7%91%E6%9B%B8-%E5%85%AC%E7%AB%8B%E9%AB%98%E6%A0%A1%E6%95%99%E5%B8%ABYouTuber%E3%81%8C%E6%9B%B8%E3%81%84%E3%81%9F-%E5%B1%B1%EF%A8%91-%E5%9C%AD%E4%B8%80/dp/4797397128/ref=zg_bs_books_75/356-5566071-7818526?_encoding=UTF8&psc=1&refRID=V1GCHDHMGNE9WAKH1MZN
本,76.,閉鎖病棟 (新潮文庫),￥ 724,null,https://www.amazon.co.jp/%E9%96%89%E9%8E%96%E7%97%85%E6%A3%9F-%E6%96%B0%E6%BD%AE%E6%96%87%E5%BA%AB-%E5%B8%9A%E6%9C%A8-%E8%93%AC%E7%94%9F/dp/4101288070/ref=zg_bs_books_76/356-5566071-7818526?_encoding=UTF8&psc=1&refRID=V1GCHDHMGNE9WAKH1MZN
本,77.,プレゼン資料のデザイン図鑑,￥ 2268,null,https://www.amazon.co.jp/%E3%83%97%E3%83%AC%E3%82%BC%E3%83%B3%E8%B3%87%E6%96%99%E3%81%AE%E3%83%87%E3%82%B6%E3%82%A4%E3%83%B3%E5%9B%B3%E9%91%91-%E5%89%8D%E7%94%B0-%E9%8E%8C%E5%88%A9/dp/4478105871/ref=zg_bs_books_77/356-5566071-7818526?_encoding=UTF8&psc=1&refRID=V1GCHDHMGNE9WAKH1MZN
本,78.,遠藤香代子の漬けおき入門,￥ 1188,null,https://www.amazon.co.jp/%E9%81%A0%E8%97%A4%E9%A6%99%E4%BB%A3%E5%AD%90%E3%81%AE%E6%BC%AC%E3%81%91%E3%81%8A%E3%81%8D%E5%85%A5%E9%96%80-%E9%81%A0%E8%97%A4-%E9%A6%99%E4%BB%A3%E5%AD%90/dp/4777955664/ref=zg_bs_books_78/356-5566071-7818526?_encoding=UTF8&psc=1&refRID=V1GCHDHMGNE9WAKH1MZN
本,79.,アナリシス・アイ サッカーの面白い戦術分析の方法、教えます (小学館新書),￥ 864,null,https://www.amazon.co.jp/%E3%82%A2%E3%83%8A%E3%83%AA%E3%82%B7%E3%82%B9%E3%83%BB%E3%82%A2%E3%82%A4-%E3%82%B5%E3%83%83%E3%82%AB%E3%83%BC%E3%81%AE%E9%9D%A2%E7%99%BD%E3%81%84%E6%88%A6%E8%A1%93%E5%88%86%E6%9E%90%E3%81%AE%E6%96%B9%E6%B3%95%E3%80%81%E6%95%99%E3%81%88%E3%81%BE%E3%81%99-%E5%B0%8F%E5%AD%A6%E9%A4%A8%E6%96%B0%E6%9B%B8-%E3%82%89%E3%81%84%E3%81%8B%E3%83%BC%E3%82%8B%E3%81%A8/dp/4098253496/ref=zg_bs_books_79/356-5566071-7818526?_encoding=UTF8&psc=1&refRID=V1GCHDHMGNE9WAKH1MZN
本,80.,バレットジャーナル 人生を変えるノート術,￥ 1728,null,https://www.amazon.co.jp/%E3%83%90%E3%83%AC%E3%83%83%E3%83%88%E3%82%B8%E3%83%A3%E3%83%BC%E3%83%8A%E3%83%AB-%E4%BA%BA%E7%94%9F%E3%82%92%E5%A4%89%E3%81%88%E3%82%8B%E3%83%8E%E3%83%BC%E3%83%88%E8%A1%93-%E3%83%A9%E3%82%A4%E3%83%80%E3%83%BC%E3%83%BB%E3%82%AD%E3%83%A3%E3%83%AD%E3%83%AB/dp/4478102678/ref=zg_bs_books_80/356-5566071-7818526?_encoding=UTF8&psc=1&refRID=V1GCHDHMGNE9WAKH1MZN
本,81.,みんなが欲しかった! FPの教科書 3級 2019-2020年 (みんなが欲しかった! シリーズ),￥ 1728,滝澤 ななみ,https://www.amazon.co.jp/%E3%81%BF%E3%82%93%E3%81%AA%E3%81%8C%E6%AC%B2%E3%81%97%E3%81%8B%E3%81%A3%E3%81%9F-FP%E3%81%AE%E6%95%99%E7%A7%91%E6%9B%B8-3%E7%B4%9A-2019-2020%E5%B9%B4-%E3%82%B7%E3%83%AA%E3%83%BC%E3%82%BA/dp/4813283225/ref=zg_bs_books_81/356-8617840-8953912?_encoding=UTF8&psc=1&refRID=HEQBW7NR3RYGYJ55EK1K
本,82.,鬼滅の刃 1-15巻 新品セット【6月2日まで20%ポイント還元キャンペーン】,￥ 6652,江原啓之,https://www.amazon.co.jp/%E9%AC%BC%E6%BB%85%E3%81%AE%E5%88%83-1-15%E5%B7%BB-%E6%96%B0%E5%93%81%E3%82%BB%E3%83%83%E3%83%88%E3%80%906%E6%9C%882%E6%97%A5%E3%81%BE%E3%81%A720-%E3%83%9D%E3%82%A4%E3%83%B3%E3%83%88%E9%82%84%E5%85%83%E3%82%AD%E3%83%A3%E3%83%B3%E3%83%9A%E3%83%BC%E3%83%B3%E3%80%91/dp/B07Q9ZVNTW/ref=zg_bs_books_82/356-8617840-8953912?_encoding=UTF8&psc=1&refRID=HEQBW7NR3RYGYJ55EK1K
本,83.,人生を変える7つの秘儀,￥ 1296,岡部将和,https://www.amazon.co.jp/%E4%BA%BA%E7%94%9F%E3%82%92%E5%A4%89%E3%81%88%E3%82%8B7%E3%81%A4%E3%81%AE%E7%A7%98%E5%84%80-%E6%B1%9F%E5%8E%9F%E5%95%93%E4%B9%8B/dp/4838730543/ref=zg_bs_books_83/356-8617840-8953912?_encoding=UTF8&psc=1&refRID=HEQBW7NR3RYGYJ55EK1K
本,84.,1日3分見るだけでぐんぐん目がよくなる! ガボール・アイ,￥ 1296,Keiko,https://www.amazon.co.jp/1%E6%97%A53%E5%88%86%E8%A6%8B%E3%82%8B%E3%81%A0%E3%81%91%E3%81%A7%E3%81%90%E3%82%93%E3%81%90%E3%82%93%E7%9B%AE%E3%81%8C%E3%82%88%E3%81%8F%E3%81%AA%E3%82%8B-%E3%82%AC%E3%83%9C%E3%83%BC%E3%83%AB%E3%83%BB%E3%82%A2%E3%82%A4-%E5%B9%B3%E6%9D%BE-%E9%A1%9E/dp/4797399694/ref=zg_bs_books_84/356-8617840-8953912?_encoding=UTF8&psc=1&refRID=HEQBW7NR3RYGYJ55EK1K
本,85.,ドリブルデザイン 日本サッカーを変える「99%抜けるドリブル理論」 (TOYOKAN BOOKS),￥ 1836,SPIノートの会,https://www.amazon.co.jp/%E3%83%89%E3%83%AA%E3%83%96%E3%83%AB%E3%83%87%E3%82%B6%E3%82%A4%E3%83%B3-%E6%97%A5%E6%9C%AC%E3%82%B5%E3%83%83%E3%82%AB%E3%83%BC%E3%82%92%E5%A4%89%E3%81%88%E3%82%8B%E3%80%8C99-%E6%8A%9C%E3%81%91%E3%82%8B%E3%83%89%E3%83%AA%E3%83%96%E3%83%AB%E7%90%86%E8%AB%96%E3%80%8D-TOYOKAN-BOOKS-%E5%B2%A1%E9%83%A8%E5%B0%86%E5%92%8C/dp/4491036365/ref=zg_bs_books_85/356-8617840-8953912?_encoding=UTF8&psc=1&refRID=HEQBW7NR3RYGYJ55EK1K
本,86.,パワーハウスのつくり方 Keiko的、月星座ライフのすすめ,￥ 1512,円居 挽,https://www.amazon.co.jp/%E3%83%91%E3%83%AF%E3%83%BC%E3%83%8F%E3%82%A6%E3%82%B9%E3%81%AE%E3%81%A4%E3%81%8F%E3%82%8A%E6%96%B9-Keiko%E7%9A%84%E3%80%81%E6%9C%88%E6%98%9F%E5%BA%A7%E3%83%A9%E3%82%A4%E3%83%95%E3%81%AE%E3%81%99%E3%81%99%E3%82%81-Keiko/dp/459408222X/ref=zg_bs_books_86/356-8617840-8953912?_encoding=UTF8&psc=1&refRID=HEQBW7NR3RYGYJ55EK1K
本,87.,パラレルワールド・ラブストーリー (講談社文庫),￥ 810,FLASH編集部,https://www.amazon.co.jp/%E3%83%91%E3%83%A9%E3%83%AC%E3%83%AB%E3%83%AF%E3%83%BC%E3%83%AB%E3%83%89%E3%83%BB%E3%83%A9%E3%83%96%E3%82%B9%E3%83%88%E3%83%BC%E3%83%AA%E3%83%BC-%E8%AC%9B%E8%AB%87%E7%A4%BE%E6%96%87%E5%BA%AB-%E6%9D%B1%E9%87%8E-%E5%9C%AD%E5%90%BE/dp/4062637251/ref=zg_bs_books_87/356-8617840-8953912?_encoding=UTF8&psc=1&refRID=HEQBW7NR3RYGYJ55EK1K
本,88.,主要3方式<テストセンター・ペーパー・WEBテスティング>対応】これが本当のSPI3だ! 【2021年度版】,￥ 1512,チョ・ナムジュ,https://www.amazon.co.jp/%E4%B8%BB%E8%A6%813%E6%96%B9%E5%BC%8F-%E3%83%86%E3%82%B9%E3%83%88%E3%82%BB%E3%83%B3%E3%82%BF%E3%83%BC%E3%83%BB%E3%83%9A%E3%83%BC%E3%83%91%E3%83%BC%E3%83%BBWEB%E3%83%86%E3%82%B9%E3%83%86%E3%82%A3%E3%83%B3%E3%82%B0-%E5%AF%BE%E5%BF%9C%E3%80%91%E3%81%93%E3%82%8C%E3%81%8C%E6%9C%AC%E5%BD%93%E3%81%AESPI3%E3%81%A0-%E3%80%902021%E5%B9%B4%E5%BA%A6%E7%89%88%E3%80%91-SPI%E3%83%8E%E3%83%BC%E3%83%88%E3%81%AE%E4%BC%9A/dp/4800316596/ref=zg_bs_books_88/356-8617840-8953912?_encoding=UTF8&psc=1&refRID=HEQBW7NR3RYGYJ55EK1K
本,89.,FGOミステリー 惑う鳴鳳荘の考察 鳴鳳荘殺人事件 (星海社FICTIONS),￥ 1458,岡田 健史,https://www.amazon.co.jp/FGO%E3%83%9F%E3%82%B9%E3%83%86%E3%83%AA%E3%83%BC-%E6%83%91%E3%81%86%E9%B3%B4%E9%B3%B3%E8%8D%98%E3%81%AE%E8%80%83%E5%AF%9F-%E9%B3%B4%E9%B3%B3%E8%8D%98%E6%AE%BA%E4%BA%BA%E4%BA%8B%E4%BB%B6-%E6%98%9F%E6%B5%B7%E7%A4%BEFICTIONS-%E5%86%86%E5%B1%85/dp/4065157005/ref=zg_bs_books_89/356-8617840-8953912?_encoding=UTF8&psc=1&refRID=HEQBW7NR3RYGYJ55EK1K
本,90.,バーレスク学園へようこそ Welcome to BURLESQUE SCHOOL,￥ 2700,村田 友美子,https://www.amazon.co.jp/%E3%83%90%E3%83%BC%E3%83%AC%E3%82%B9%E3%82%AF%E5%AD%A6%E5%9C%92%E3%81%B8%E3%82%88%E3%81%86%E3%81%93%E3%81%9D-Welcome-BURLESQUE-SCHOOL-FLASH%E7%B7%A8%E9%9B%86%E9%83%A8/dp/4334902421/ref=zg_bs_books_90/356-8617840-8953912?_encoding=UTF8&psc=1&refRID=HEQBW7NR3RYGYJ55EK1K
本,91.,82年生まれ、キム・ジヨン (単行本),￥ 1620,山崎 雅弘,https://www.amazon.co.jp/82%E5%B9%B4%E7%94%9F%E3%81%BE%E3%82%8C%E3%80%81%E3%82%AD%E3%83%A0%E3%83%BB%E3%82%B8%E3%83%A8%E3%83%B3-%E5%8D%98%E8%A1%8C%E6%9C%AC-%E3%83%81%E3%83%A7%E3%83%BB%E3%83%8A%E3%83%A0%E3%82%B8%E3%83%A5/dp/4480832114/ref=zg_bs_books_91/356-8617840-8953912?_encoding=UTF8&psc=1&refRID=HEQBW7NR3RYGYJ55EK1K
本,92.,罪の声 (講談社文庫),￥ 994,デービッド アトキンソン,https://www.amazon.co.jp/%E7%BD%AA%E3%81%AE%E5%A3%B0-%E8%AC%9B%E8%AB%87%E7%A4%BE%E6%96%87%E5%BA%AB-%E5%A1%A9%E7%94%B0-%E6%AD%A6%E5%A3%AB/dp/4065148251/ref=zg_bs_books_92/356-8617840-8953912?_encoding=UTF8&psc=1&refRID=HEQBW7NR3RYGYJ55EK1K
本,93.,TOEIC L&Rテスト 文法問題 でる1000問,￥ 2484,グラフィック社編集部,https://www.amazon.co.jp/TOEIC-L-R%E3%83%86%E3%82%B9%E3%83%88-%E6%96%87%E6%B3%95%E5%95%8F%E9%A1%8C-%E3%81%A7%E3%82%8B1000%E5%95%8F/dp/4866390832/ref=zg_bs_books_93/356-8617840-8953912?_encoding=UTF8&psc=1&refRID=HEQBW7NR3RYGYJ55EK1K
本,94.,岡田健史ファースト写真集 「鼓動」 throbs,￥ 2160,null,https://www.amazon.co.jp/%E5%B2%A1%E7%94%B0%E5%81%A5%E5%8F%B2%E3%83%95%E3%82%A1%E3%83%BC%E3%82%B9%E3%83%88%E5%86%99%E7%9C%9F%E9%9B%86-%E3%80%8C%E9%BC%93%E5%8B%95%E3%80%8D-throbs-%E5%B2%A1%E7%94%B0-%E5%81%A5%E5%8F%B2/dp/4065156211/ref=zg_bs_books_94/356-8617840-8953912?_encoding=UTF8&psc=1&refRID=HEQBW7NR3RYGYJ55EK1K
本,95.,英単語の語源図鑑,￥ 1620,null,https://www.amazon.co.jp/%E8%8B%B1%E5%8D%98%E8%AA%9E%E3%81%AE%E8%AA%9E%E6%BA%90%E5%9B%B3%E9%91%91-%E6%B8%85%E6%B0%B4-%E5%BB%BA%E4%BA%8C/dp/4761273453/ref=zg_bs_books_95/356-8617840-8953912?_encoding=UTF8&psc=1&refRID=HEQBW7NR3RYGYJ55EK1K
本,96.,くびれ母ちゃんのゆるめるカラダ DVD付き (扶桑社ムック),￥ 1404,null,https://www.amazon.co.jp/%E3%81%8F%E3%81%B3%E3%82%8C%E6%AF%8D%E3%81%A1%E3%82%83%E3%82%93%E3%81%AE%E3%82%86%E3%82%8B%E3%82%81%E3%82%8B%E3%82%AB%E3%83%A9%E3%83%80-DVD%E4%BB%98%E3%81%8D-%E6%89%B6%E6%A1%91%E7%A4%BE%E3%83%A0%E3%83%83%E3%82%AF-%E6%9D%91%E7%94%B0-%E5%8F%8B%E7%BE%8E%E5%AD%90/dp/4594614248/ref=zg_bs_books_96/356-8617840-8953912?_encoding=UTF8&psc=1&refRID=HEQBW7NR3RYGYJ55EK1K
本,97.,歴史戦と思想戦 ――歴史問題の読み解き方 (集英社新書),￥ 994,null,https://www.amazon.co.jp/%E6%AD%B4%E5%8F%B2%E6%88%A6%E3%81%A8%E6%80%9D%E6%83%B3%E6%88%A6-%E2%80%95%E2%80%95%E6%AD%B4%E5%8F%B2%E5%95%8F%E9%A1%8C%E3%81%AE%E8%AA%AD%E3%81%BF%E8%A7%A3%E3%81%8D%E6%96%B9-%E9%9B%86%E8%8B%B1%E7%A4%BE%E6%96%B0%E6%9B%B8-%E5%B1%B1%E5%B4%8E-%E9%9B%85%E5%BC%98/dp/4087210782/ref=zg_bs_books_97/356-8617840-8953912?_encoding=UTF8&psc=1&refRID=HEQBW7NR3RYGYJ55EK1K
本,98.,日本人の勝算: 人口減少×高齢化×資本主義,￥ 1620,null,https://www.amazon.co.jp/%E6%97%A5%E6%9C%AC%E4%BA%BA%E3%81%AE%E5%8B%9D%E7%AE%97-%E4%BA%BA%E5%8F%A3%E6%B8%9B%E5%B0%91%C3%97%E9%AB%98%E9%BD%A2%E5%8C%96%C3%97%E8%B3%87%E6%9C%AC%E4%B8%BB%E7%BE%A9-%E3%83%87%E3%83%BC%E3%83%93%E3%83%83%E3%83%89-%E3%82%A2%E3%83%88%E3%82%AD%E3%83%B3%E3%82%BD%E3%83%B3/dp/4492396462/ref=zg_bs_books_98/356-8617840-8953912?_encoding=UTF8&psc=1&refRID=HEQBW7NR3RYGYJ55EK1K
本,99.,失敗図鑑 すごい人ほどダメだった!,￥ 1296,null,https://www.amazon.co.jp/%E5%A4%B1%E6%95%97%E5%9B%B3%E9%91%91-%E3%81%99%E3%81%94%E3%81%84%E4%BA%BA%E3%81%BB%E3%81%A9%E3%83%80%E3%83%A1%E3%81%A0%E3%81%A3%E3%81%9F-%E5%A4%A7%E9%87%8E-%E6%AD%A3%E4%BA%BA/dp/4866510595/ref=zg_bs_books_99/356-8617840-8953912?_encoding=UTF8&psc=1&refRID=HEQBW7NR3RYGYJ55EK1K
本,100.,ピクセル百景 現代ピクセルアートの世界,￥ 2916,null,https://www.amazon.co.jp/%E3%83%94%E3%82%AF%E3%82%BB%E3%83%AB%E7%99%BE%E6%99%AF-%E7%8F%BE%E4%BB%A3%E3%83%94%E3%82%AF%E3%82%BB%E3%83%AB%E3%82%A2%E3%83%BC%E3%83%88%E3%81%AE%E4%B8%96%E7%95%8C-%E3%82%B0%E3%83%A9%E3%83%95%E3%82%A3%E3%83%83%E3%82%AF%E7%A4%BE%E7%B7%A8%E9%9B%86%E9%83%A8/dp/4766132726/ref=zg_bs_books_100/356-8617840-8953912?_encoding=UTF8&psc=1&refRID=HEQBW7NR3RYGYJ55EK1K
